2026-09-23 00:23:31 | INFO     | [csv_utils.py:27] | Loaded 4 rows from CSV: login_data.csv
2026-09-23 00:23:31 | INFO     | [csv_utils.py:27] | Loaded 4 rows from CSV: search_data.csv
2026-09-23 00:23:31 | INFO     | [conftest.py:42] | Starting test session with browser=chrome, headless=True
2026-09-23 00:23:31 | INFO     | [driver_factory.py:26] | Initializing WebDriver for browser='chrome', headless=True
2026-09-23 00:23:32 | INFO     | [driver_factory.py:71] | WebDriver successfully initialized with implicit_wait=10s
2026-09-23 00:23:32 | INFO     | [conftest.py:49] | Navigating to application URL: https://tutorialsninja.com/demo/
2026-09-23 00:23:34 | INFO     | [test_login.py:23] | Executing test_valid_login
2026-09-23 00:23:34 | INFO     | [home_page.py:27] | Navigating to Login page from Home page
2026-09-23 00:23:34 | INFO     | [base_page.py:28] | Clicking element: ('xpath', "//a[@title='My Account']")
2026-09-23 00:23:34 | INFO     | [base_page.py:28] | Clicking element: ('link text', 'Login')
2026-09-23 00:23:34 | INFO     | [login_page.py:37] | Attempting login with email: selenium_capstone_user@testautomation.com
2026-09-23 00:23:34 | INFO     | [base_page.py:40] | Entering text into element ('id', 'input-email')
2026-09-23 00:23:34 | INFO     | [base_page.py:40] | Entering text into element ('id', 'input-password')
2026-09-23 00:23:34 | INFO     | [base_page.py:28] | Clicking element: ('xpath', "//input[@value='Login']")
2026-09-23 00:23:36 | INFO     | [base_page.py:80] | Current page title: 'My Account'
2026-09-23 00:23:36 | INFO     | [account_page.py:31] | Logging out from Account dashboard
2026-09-23 00:23:36 | INFO     | [base_page.py:28] | Clicking element: ('xpath', "//aside[@id='column-right']//a[text()='Logout']")
2026-09-23 00:23:36 | INFO     | [test_login.py:39] | test_valid_login passed successfully
2026-09-23 00:23:36 | INFO     | [conftest.py:54] | Tearing down WebDriver session
2026-09-23 00:23:36 | INFO     | [conftest.py:42] | Starting test session with browser=chrome, headless=True
2026-09-23 00:23:36 | INFO     | [driver_factory.py:26] | Initializing WebDriver for browser='chrome', headless=True
2026-09-23 00:23:37 | INFO     | [driver_factory.py:71] | WebDriver successfully initialized with implicit_wait=10s
2026-09-23 00:23:37 | INFO     | [conftest.py:49] | Navigating to application URL: https://tutorialsninja.com/demo/
2026-09-23 00:23:39 | INFO     | [test_login.py:54] | Executing TC_LOGIN_VALID | Outcome expected: success
2026-09-23 00:23:39 | INFO     | [home_page.py:27] | Navigating to Login page from Home page
2026-09-23 00:23:39 | INFO     | [base_page.py:28] | Clicking element: ('xpath', "//a[@title='My Account']")
2026-09-23 00:23:39 | INFO     | [base_page.py:28] | Clicking element: ('link text', 'Login')
2026-09-23 00:23:39 | INFO     | [login_page.py:37] | Attempting login with email: selenium_capstone_user@testautomation.com
2026-09-23 00:23:39 | INFO     | [base_page.py:40] | Entering text into element ('id', 'input-email')
2026-09-23 00:23:39 | INFO     | [base_page.py:40] | Entering text into element ('id', 'input-password')
2026-09-23 00:23:39 | INFO     | [base_page.py:28] | Clicking element: ('xpath', "//input[@value='Login']")
2026-09-23 00:23:41 | INFO     | [account_page.py:31] | Logging out from Account dashboard
2026-09-23 00:23:41 | INFO     | [base_page.py:28] | Clicking element: ('xpath', "//aside[@id='column-right']//a[text()='Logout']")
2026-09-23 00:23:43 | INFO     | [test_login.py:68] | TC_LOGIN_VALID completed successfully
2026-09-23 00:23:43 | INFO     | [conftest.py:54] | Tearing down WebDriver session
2026-09-23 00:23:43 | INFO     | [conftest.py:42] | Starting test session with browser=chrome, headless=True
2026-09-23 00:23:43 | INFO     | [driver_factory.py:26] | Initializing WebDriver for browser='chrome', headless=True
2026-09-23 00:23:44 | INFO     | [driver_factory.py:71] | WebDriver successfully initialized with implicit_wait=10s
2026-09-23 00:23:44 | INFO     | [conftest.py:49] | Navigating to application URL: https://tutorialsninja.com/demo/
2026-09-23 00:23:46 | INFO     | [test_login.py:54] | Executing TC_LOGIN_INVALID_PWD | Outcome expected: failure
2026-09-23 00:23:46 | INFO     | [home_page.py:27] | Navigating to Login page from Home page
2026-09-23 00:23:46 | INFO     | [base_page.py:28] | Clicking element: ('xpath', "//a[@title='My Account']")
2026-09-23 00:23:46 | INFO     | [base_page.py:28] | Clicking element: ('link text', 'Login')
2026-09-23 00:23:46 | INFO     | [login_page.py:37] | Attempting login with email: selenium_capstone_user@testautomation.com
2026-09-23 00:23:46 | INFO     | [base_page.py:40] | Entering text into element ('id', 'input-email')
2026-09-23 00:23:46 | INFO     | [base_page.py:40] | Entering text into element ('id', 'input-password')
2026-09-23 00:23:46 | INFO     | [base_page.py:28] | Clicking element: ('xpath', "//input[@value='Login']")
2026-09-23 00:23:47 | INFO     | [base_page.py:51] | Retrieved text 'Warning: No match for E-Mail Address and/or Password.' from element: ('css selector', '.alert-danger')
2026-09-23 00:23:47 | INFO     | [test_login.py:68] | TC_LOGIN_INVALID_PWD completed successfully
2026-09-23 00:23:47 | INFO     | [conftest.py:54] | Tearing down WebDriver session
2026-09-23 00:23:47 | INFO     | [conftest.py:42] | Starting test session with browser=chrome, headless=True
2026-09-23 00:23:47 | INFO     | [driver_factory.py:26] | Initializing WebDriver for browser='chrome', headless=True
2026-09-23 00:23:48 | INFO     | [driver_factory.py:71] | WebDriver successfully initialized with implicit_wait=10s
2026-09-23 00:23:48 | INFO     | [conftest.py:49] | Navigating to application URL: https://tutorialsninja.com/demo/
2026-09-23 00:23:49 | INFO     | [test_login.py:54] | Executing TC_LOGIN_INVALID_USER | Outcome expected: failure
2026-09-23 00:23:49 | INFO     | [home_page.py:27] | Navigating to Login page from Home page
2026-09-23 00:23:49 | INFO     | [base_page.py:28] | Clicking element: ('xpath', "//a[@title='My Account']")
2026-09-23 00:23:49 | INFO     | [base_page.py:28] | Clicking element: ('link text', 'Login')
2026-09-23 00:23:51 | INFO     | [login_page.py:37] | Attempting login with email: nonexistent_capstone_user_99@test.com
2026-09-23 00:23:51 | INFO     | [base_page.py:40] | Entering text into element ('id', 'input-email')
2026-09-23 00:23:51 | INFO     | [base_page.py:40] | Entering text into element ('id', 'input-password')
2026-09-23 00:23:51 | INFO     | [base_page.py:28] | Clicking element: ('xpath', "//input[@value='Login']")
2026-09-23 00:23:53 | INFO     | [base_page.py:51] | Retrieved text 'Warning: No match for E-Mail Address and/or Password.' from element: ('css selector', '.alert-danger')
2026-09-23 00:23:53 | INFO     | [test_login.py:68] | TC_LOGIN_INVALID_USER completed successfully
2026-09-23 00:23:53 | INFO     | [conftest.py:54] | Tearing down WebDriver session
2026-09-23 00:23:53 | INFO     | [conftest.py:42] | Starting test session with browser=chrome, headless=True
2026-09-23 00:23:53 | INFO     | [driver_factory.py:26] | Initializing WebDriver for browser='chrome', headless=True
2026-09-23 00:23:53 | INFO     | [driver_factory.py:71] | WebDriver successfully initialized with implicit_wait=10s
2026-09-23 00:23:53 | INFO     | [conftest.py:49] | Navigating to application URL: https://tutorialsninja.com/demo/
2026-09-23 00:24:01 | INFO     | [test_login.py:54] | Executing TC_LOGIN_EMPTY_FIELDS | Outcome expected: failure
2026-09-23 00:24:01 | INFO     | [home_page.py:27] | Navigating to Login page from Home page
2026-09-23 00:24:01 | INFO     | [base_page.py:28] | Clicking element: ('xpath', "//a[@title='My Account']")
2026-09-23 00:24:01 | INFO     | [base_page.py:28] | Clicking element: ('link text', 'Login')
2026-09-23 00:24:07 | INFO     | [login_page.py:37] | Attempting login with email: 
2026-09-23 00:24:07 | INFO     | [base_page.py:40] | Entering text into element ('id', 'input-email')
2026-09-23 00:24:07 | INFO     | [base_page.py:40] | Entering text into element ('id', 'input-password')
2026-09-23 00:24:07 | INFO     | [base_page.py:28] | Clicking element: ('xpath', "//input[@value='Login']")
2026-09-23 00:24:11 | INFO     | [base_page.py:51] | Retrieved text 'Warning: No match for E-Mail Address and/or Password.' from element: ('css selector', '.alert-danger')
2026-09-23 00:24:11 | INFO     | [test_login.py:68] | TC_LOGIN_EMPTY_FIELDS completed successfully
2026-09-23 00:24:11 | INFO     | [conftest.py:54] | Tearing down WebDriver session
2026-09-23 00:24:11 | INFO     | [conftest.py:42] | Starting test session with browser=chrome, headless=True
2026-09-23 00:24:11 | INFO     | [driver_factory.py:26] | Initializing WebDriver for browser='chrome', headless=True
2026-09-23 00:24:11 | INFO     | [driver_factory.py:71] | WebDriver successfully initialized with implicit_wait=10s
2026-09-23 00:24:11 | INFO     | [conftest.py:49] | Navigating to application URL: https://tutorialsninja.com/demo/
2026-09-23 00:24:26 | INFO     | [test_search.py:23] | Executing test_search_existing_product for 'MacBook'
2026-09-23 00:24:26 | INFO     | [home_page.py:34] | Searching for product: 'MacBook'
2026-09-23 00:24:26 | INFO     | [base_page.py:40] | Entering text into element ('name', 'search')
2026-09-23 00:24:27 | INFO     | [base_page.py:28] | Clicking element: ('css selector', '#search button')
2026-09-23 00:24:27 | INFO     | [search_page.py:26] | Found 3 products in search results: ['MacBook', 'MacBook Air', 'MacBook Pro']
2026-09-23 00:24:28 | INFO     | [search_page.py:26] | Found 3 products in search results: ['MacBook', 'MacBook Air', 'MacBook Pro']
2026-09-23 00:24:28 | INFO     | [search_page.py:33] | Product 'MacBook' presence check: True
2026-09-23 00:24:28 | INFO     | [test_search.py:30] | test_search_existing_product passed successfully
2026-09-23 00:24:28 | INFO     | [conftest.py:54] | Tearing down WebDriver session
2026-09-23 00:24:28 | INFO     | [conftest.py:42] | Starting test session with browser=chrome, headless=True
2026-09-23 00:24:28 | INFO     | [driver_factory.py:26] | Initializing WebDriver for browser='chrome', headless=True
2026-09-23 00:24:28 | INFO     | [driver_factory.py:71] | WebDriver successfully initialized with implicit_wait=10s
2026-09-23 00:24:28 | INFO     | [conftest.py:49] | Navigating to application URL: https://tutorialsninja.com/demo/
2026-09-23 00:24:30 | INFO     | [test_search.py:38] | Executing test_search_non_existent_product for 'XYZNonExistentDevice999'
2026-09-23 00:24:30 | INFO     | [home_page.py:34] | Searching for product: 'XYZNonExistentDevice999'
2026-09-23 00:24:30 | INFO     | [base_page.py:40] | Entering text into element ('name', 'search')
2026-09-23 00:24:30 | INFO     | [base_page.py:28] | Clicking element: ('css selector', '#search button')
2026-09-23 00:24:30 | INFO     | [base_page.py:51] | Retrieved text 'There is no product that matches the search criteria.' from element: ('xpath', "//p[contains(text(), 'There is no product that matches the search criteria.')]")
2026-09-23 00:24:30 | INFO     | [test_search.py:45] | test_search_non_existent_product passed successfully
2026-09-23 00:24:30 | INFO     | [conftest.py:54] | Tearing down WebDriver session
2026-09-23 00:24:30 | INFO     | [conftest.py:42] | Starting test session with browser=chrome, headless=True
2026-09-23 00:24:30 | INFO     | [driver_factory.py:26] | Initializing WebDriver for browser='chrome', headless=True
2026-09-23 00:24:30 | INFO     | [driver_factory.py:71] | WebDriver successfully initialized with implicit_wait=10s
2026-09-23 00:24:30 | INFO     | [conftest.py:49] | Navigating to application URL: https://tutorialsninja.com/demo/
2026-09-23 00:24:32 | INFO     | [test_search.py:60] | Executing data-driven search for 'MacBook', expecting status: found
2026-09-23 00:24:32 | INFO     | [home_page.py:34] | Searching for product: 'MacBook'
2026-09-23 00:24:32 | INFO     | [base_page.py:40] | Entering text into element ('name', 'search')
2026-09-23 00:24:32 | INFO     | [base_page.py:28] | Clicking element: ('css selector', '#search button')
2026-09-23 00:24:33 | INFO     | [search_page.py:26] | Found 3 products in search results: ['MacBook', 'MacBook Air', 'MacBook Pro']
2026-09-23 00:24:33 | INFO     | [search_page.py:33] | Product 'MacBook' presence check: True
2026-09-23 00:24:33 | INFO     | [test_search.py:77] | Data-driven search test for 'MacBook' passed
2026-09-23 00:24:33 | INFO     | [conftest.py:54] | Tearing down WebDriver session
2026-09-23 00:24:33 | INFO     | [conftest.py:42] | Starting test session with browser=chrome, headless=True
2026-09-23 00:24:33 | INFO     | [driver_factory.py:26] | Initializing WebDriver for browser='chrome', headless=True
2026-09-23 00:24:33 | INFO     | [driver_factory.py:71] | WebDriver successfully initialized with implicit_wait=10s
2026-09-23 00:24:33 | INFO     | [conftest.py:49] | Navigating to application URL: https://tutorialsninja.com/demo/
2026-09-23 00:24:35 | INFO     | [test_search.py:60] | Executing data-driven search for 'iPhone', expecting status: found
2026-09-23 00:24:35 | INFO     | [home_page.py:34] | Searching for product: 'iPhone'
2026-09-23 00:24:35 | INFO     | [base_page.py:40] | Entering text into element ('name', 'search')
2026-09-23 00:24:35 | INFO     | [base_page.py:28] | Clicking element: ('css selector', '#search button')
2026-09-23 00:24:35 | INFO     | [search_page.py:26] | Found 1 products in search results: ['iPhone']
2026-09-23 00:24:35 | INFO     | [search_page.py:33] | Product 'iPhone' presence check: True
2026-09-23 00:24:35 | INFO     | [test_search.py:77] | Data-driven search test for 'iPhone' passed
2026-09-23 00:24:35 | INFO     | [conftest.py:54] | Tearing down WebDriver session
2026-09-23 00:24:35 | INFO     | [conftest.py:42] | Starting test session with browser=chrome, headless=True
2026-09-23 00:24:35 | INFO     | [driver_factory.py:26] | Initializing WebDriver for browser='chrome', headless=True
2026-09-23 00:24:36 | INFO     | [driver_factory.py:71] | WebDriver successfully initialized with implicit_wait=10s
2026-09-23 00:24:36 | INFO     | [conftest.py:49] | Navigating to application URL: https://tutorialsninja.com/demo/
2026-09-23 00:24:37 | INFO     | [test_search.py:60] | Executing data-driven search for 'Samsung Galaxy', expecting status: found
2026-09-23 00:24:37 | INFO     | [home_page.py:34] | Searching for product: 'Samsung Galaxy'
2026-09-23 00:24:37 | INFO     | [base_page.py:40] | Entering text into element ('name', 'search')
2026-09-23 00:24:37 | INFO     | [base_page.py:28] | Clicking element: ('css selector', '#search button')
2026-09-23 00:24:38 | INFO     | [search_page.py:26] | Found 1 products in search results: ['Samsung Galaxy Tab 10.1']
2026-09-23 00:24:38 | INFO     | [search_page.py:33] | Product 'Samsung SyncMaster 941BW' presence check: False
2026-09-23 00:24:38 | INFO     | [screenshot_utils.py:30] | Screenshot successfully captured: /Users/adrika/.gemini/antigravity-ide/scratch/selenium_python_framework/reports/screenshots/test_search_data_driven_Samsung_Galaxy-found-Samsung_SyncMaster_941BW__20260923_002438_065.png
2026-09-23 00:24:38 | INFO     | [conftest.py:54] | Tearing down WebDriver session
2026-09-23 00:24:38 | INFO     | [conftest.py:42] | Starting test session with browser=chrome, headless=True
2026-09-23 00:24:38 | INFO     | [driver_factory.py:26] | Initializing WebDriver for browser='chrome', headless=True
2026-09-23 00:24:38 | INFO     | [driver_factory.py:71] | WebDriver successfully initialized with implicit_wait=10s
2026-09-23 00:24:38 | INFO     | [conftest.py:49] | Navigating to application URL: https://tutorialsninja.com/demo/
2026-09-23 00:24:40 | INFO     | [test_search.py:60] | Executing data-driven search for 'NonExistentItem9999', expecting status: not_found
2026-09-23 00:24:40 | INFO     | [home_page.py:34] | Searching for product: 'NonExistentItem9999'
2026-09-23 00:24:40 | INFO     | [base_page.py:40] | Entering text into element ('name', 'search')
2026-09-23 00:24:40 | INFO     | [base_page.py:28] | Clicking element: ('css selector', '#search button')
2026-09-23 00:24:40 | INFO     | [base_page.py:51] | Retrieved text 'There is no product that matches the search criteria.' from element: ('xpath', "//p[contains(text(), 'There is no product that matches the search criteria.')]")
2026-09-23 00:24:40 | INFO     | [test_search.py:77] | Data-driven search test for 'NonExistentItem9999' passed
2026-09-23 00:24:40 | INFO     | [conftest.py:54] | Tearing down WebDriver session
2026-09-23 00:26:33 | INFO     | [csv_utils.py:27] | Loaded 4 rows from CSV: login_data.csv
2026-09-23 00:26:33 | INFO     | [csv_utils.py:27] | Loaded 5 rows from CSV: search_data.csv
2026-09-23 00:26:33 | INFO     | [conftest.py:42] | Starting test session with browser=chrome, headless=True
2026-09-23 00:26:33 | INFO     | [driver_factory.py:26] | Initializing WebDriver for browser='chrome', headless=True
2026-09-23 00:26:33 | INFO     | [driver_factory.py:71] | WebDriver successfully initialized with implicit_wait=10s
2026-09-23 00:26:33 | INFO     | [conftest.py:49] | Navigating to application URL: https://tutorialsninja.com/demo/
2026-09-23 00:26:35 | INFO     | [test_login.py:23] | Executing test_valid_login
2026-09-23 00:26:35 | INFO     | [home_page.py:27] | Navigating to Login page from Home page
2026-09-23 00:26:35 | INFO     | [base_page.py:28] | Clicking element: ('xpath', "//a[@title='My Account']")
2026-09-23 00:26:35 | INFO     | [base_page.py:28] | Clicking element: ('link text', 'Login')
2026-09-23 00:26:36 | INFO     | [login_page.py:37] | Attempting login with email: selenium_capstone_user@testautomation.com
2026-09-23 00:26:36 | INFO     | [base_page.py:40] | Entering text into element ('id', 'input-email')
2026-09-23 00:26:36 | INFO     | [base_page.py:40] | Entering text into element ('id', 'input-password')
2026-09-23 00:26:36 | INFO     | [base_page.py:28] | Clicking element: ('xpath', "//input[@value='Login']")
2026-09-23 00:26:37 | INFO     | [base_page.py:80] | Current page title: 'My Account'
2026-09-23 00:26:37 | INFO     | [account_page.py:31] | Logging out from Account dashboard
2026-09-23 00:26:37 | INFO     | [base_page.py:28] | Clicking element: ('xpath', "//aside[@id='column-right']//a[text()='Logout']")
2026-09-23 00:26:38 | INFO     | [test_login.py:39] | test_valid_login passed successfully
2026-09-23 00:26:38 | INFO     | [conftest.py:54] | Tearing down WebDriver session
2026-09-23 00:26:38 | INFO     | [conftest.py:42] | Starting test session with browser=chrome, headless=True
2026-09-23 00:26:38 | INFO     | [driver_factory.py:26] | Initializing WebDriver for browser='chrome', headless=True
2026-09-23 00:26:38 | INFO     | [driver_factory.py:71] | WebDriver successfully initialized with implicit_wait=10s
2026-09-23 00:26:38 | INFO     | [conftest.py:49] | Navigating to application URL: https://tutorialsninja.com/demo/
2026-09-23 00:26:40 | INFO     | [test_login.py:54] | Executing TC_LOGIN_VALID | Outcome expected: success
2026-09-23 00:26:40 | INFO     | [home_page.py:27] | Navigating to Login page from Home page
2026-09-23 00:26:40 | INFO     | [base_page.py:28] | Clicking element: ('xpath', "//a[@title='My Account']")
2026-09-23 00:26:40 | INFO     | [base_page.py:28] | Clicking element: ('link text', 'Login')
2026-09-23 00:26:40 | INFO     | [login_page.py:37] | Attempting login with email: selenium_capstone_user@testautomation.com
2026-09-23 00:26:40 | INFO     | [base_page.py:40] | Entering text into element ('id', 'input-email')
2026-09-23 00:26:40 | INFO     | [base_page.py:40] | Entering text into element ('id', 'input-password')
2026-09-23 00:26:40 | INFO     | [base_page.py:28] | Clicking element: ('xpath', "//input[@value='Login']")
2026-09-23 00:26:41 | INFO     | [account_page.py:31] | Logging out from Account dashboard
2026-09-23 00:26:41 | INFO     | [base_page.py:28] | Clicking element: ('xpath', "//aside[@id='column-right']//a[text()='Logout']")
2026-09-23 00:26:42 | INFO     | [test_login.py:68] | TC_LOGIN_VALID completed successfully
2026-09-23 00:26:42 | INFO     | [conftest.py:54] | Tearing down WebDriver session
2026-09-23 00:26:42 | INFO     | [conftest.py:42] | Starting test session with browser=chrome, headless=True
2026-09-23 00:26:42 | INFO     | [driver_factory.py:26] | Initializing WebDriver for browser='chrome', headless=True
2026-09-23 00:26:42 | INFO     | [driver_factory.py:71] | WebDriver successfully initialized with implicit_wait=10s
2026-09-23 00:26:42 | INFO     | [conftest.py:49] | Navigating to application URL: https://tutorialsninja.com/demo/
2026-09-23 00:26:46 | INFO     | [test_login.py:54] | Executing TC_LOGIN_INVALID_PWD | Outcome expected: failure
2026-09-23 00:26:46 | INFO     | [home_page.py:27] | Navigating to Login page from Home page
2026-09-23 00:26:46 | INFO     | [base_page.py:28] | Clicking element: ('xpath', "//a[@title='My Account']")
2026-09-23 00:26:46 | INFO     | [base_page.py:28] | Clicking element: ('link text', 'Login')
2026-09-23 00:26:46 | INFO     | [login_page.py:37] | Attempting login with email: selenium_capstone_user@testautomation.com
2026-09-23 00:26:46 | INFO     | [base_page.py:40] | Entering text into element ('id', 'input-email')
2026-09-23 00:26:46 | INFO     | [base_page.py:40] | Entering text into element ('id', 'input-password')
2026-09-23 00:26:46 | INFO     | [base_page.py:28] | Clicking element: ('xpath', "//input[@value='Login']")
2026-09-23 00:26:47 | INFO     | [base_page.py:51] | Retrieved text 'Warning: No match for E-Mail Address and/or Password.' from element: ('css selector', '.alert-danger')
2026-09-23 00:26:47 | INFO     | [test_login.py:68] | TC_LOGIN_INVALID_PWD completed successfully
2026-09-23 00:26:47 | INFO     | [conftest.py:54] | Tearing down WebDriver session
2026-09-23 00:26:47 | INFO     | [conftest.py:42] | Starting test session with browser=chrome, headless=True
2026-09-23 00:26:47 | INFO     | [driver_factory.py:26] | Initializing WebDriver for browser='chrome', headless=True
2026-09-23 00:26:48 | INFO     | [driver_factory.py:71] | WebDriver successfully initialized with implicit_wait=10s
2026-09-23 00:26:48 | INFO     | [conftest.py:49] | Navigating to application URL: https://tutorialsninja.com/demo/
2026-09-23 00:26:53 | INFO     | [test_login.py:54] | Executing TC_LOGIN_INVALID_USER | Outcome expected: failure
2026-09-23 00:26:53 | INFO     | [home_page.py:27] | Navigating to Login page from Home page
2026-09-23 00:26:53 | INFO     | [base_page.py:28] | Clicking element: ('xpath', "//a[@title='My Account']")
2026-09-23 00:26:53 | INFO     | [base_page.py:28] | Clicking element: ('link text', 'Login')
2026-09-23 00:26:55 | INFO     | [login_page.py:37] | Attempting login with email: nonexistent_capstone_user_99@test.com
2026-09-23 00:26:55 | INFO     | [base_page.py:40] | Entering text into element ('id', 'input-email')
2026-09-23 00:26:55 | INFO     | [base_page.py:40] | Entering text into element ('id', 'input-password')
2026-09-23 00:26:55 | INFO     | [base_page.py:28] | Clicking element: ('xpath', "//input[@value='Login']")
2026-09-23 00:26:57 | INFO     | [base_page.py:51] | Retrieved text 'Warning: No match for E-Mail Address and/or Password.' from element: ('css selector', '.alert-danger')
2026-09-23 00:26:57 | INFO     | [test_login.py:68] | TC_LOGIN_INVALID_USER completed successfully
2026-09-23 00:26:57 | INFO     | [conftest.py:54] | Tearing down WebDriver session
2026-09-23 00:26:57 | INFO     | [conftest.py:42] | Starting test session with browser=chrome, headless=True
2026-09-23 00:26:57 | INFO     | [driver_factory.py:26] | Initializing WebDriver for browser='chrome', headless=True
2026-09-23 00:26:57 | INFO     | [driver_factory.py:71] | WebDriver successfully initialized with implicit_wait=10s
2026-09-23 00:26:57 | INFO     | [conftest.py:49] | Navigating to application URL: https://tutorialsninja.com/demo/
2026-09-23 00:26:59 | INFO     | [test_login.py:54] | Executing TC_LOGIN_EMPTY_FIELDS | Outcome expected: failure
2026-09-23 00:26:59 | INFO     | [home_page.py:27] | Navigating to Login page from Home page
2026-09-23 00:26:59 | INFO     | [base_page.py:28] | Clicking element: ('xpath', "//a[@title='My Account']")
2026-09-23 00:26:59 | INFO     | [base_page.py:28] | Clicking element: ('link text', 'Login')
2026-09-23 00:26:59 | INFO     | [login_page.py:37] | Attempting login with email: 
2026-09-23 00:26:59 | INFO     | [base_page.py:40] | Entering text into element ('id', 'input-email')
2026-09-23 00:26:59 | INFO     | [base_page.py:40] | Entering text into element ('id', 'input-password')
2026-09-23 00:26:59 | INFO     | [base_page.py:28] | Clicking element: ('xpath', "//input[@value='Login']")
2026-09-23 00:27:00 | INFO     | [base_page.py:51] | Retrieved text 'Warning: No match for E-Mail Address and/or Password.' from element: ('css selector', '.alert-danger')
2026-09-23 00:27:00 | INFO     | [test_login.py:68] | TC_LOGIN_EMPTY_FIELDS completed successfully
2026-09-23 00:27:00 | INFO     | [conftest.py:54] | Tearing down WebDriver session
2026-09-23 00:27:01 | INFO     | [conftest.py:42] | Starting test session with browser=chrome, headless=True
2026-09-23 00:27:01 | INFO     | [driver_factory.py:26] | Initializing WebDriver for browser='chrome', headless=True
2026-09-23 00:27:01 | INFO     | [driver_factory.py:71] | WebDriver successfully initialized with implicit_wait=10s
2026-09-23 00:27:01 | INFO     | [conftest.py:49] | Navigating to application URL: https://tutorialsninja.com/demo/
2026-09-23 00:27:03 | INFO     | [test_search.py:23] | Executing test_search_existing_product for 'MacBook'
2026-09-23 00:27:03 | INFO     | [home_page.py:34] | Searching for product: 'MacBook'
2026-09-23 00:27:03 | INFO     | [base_page.py:40] | Entering text into element ('name', 'search')
2026-09-23 00:27:03 | INFO     | [base_page.py:28] | Clicking element: ('css selector', '#search button')
2026-09-23 00:27:04 | INFO     | [search_page.py:26] | Found 3 products in search results: ['MacBook', 'MacBook Air', 'MacBook Pro']
2026-09-23 00:27:04 | INFO     | [search_page.py:26] | Found 3 products in search results: ['MacBook', 'MacBook Air', 'MacBook Pro']
2026-09-23 00:27:04 | INFO     | [search_page.py:33] | Product 'MacBook' presence check: True
2026-09-23 00:27:04 | INFO     | [test_search.py:30] | test_search_existing_product passed successfully
2026-09-23 00:27:04 | INFO     | [conftest.py:54] | Tearing down WebDriver session
2026-09-23 00:27:04 | INFO     | [conftest.py:42] | Starting test session with browser=chrome, headless=True
2026-09-23 00:27:04 | INFO     | [driver_factory.py:26] | Initializing WebDriver for browser='chrome', headless=True
2026-09-23 00:27:04 | INFO     | [driver_factory.py:71] | WebDriver successfully initialized with implicit_wait=10s
2026-09-23 00:27:04 | INFO     | [conftest.py:49] | Navigating to application URL: https://tutorialsninja.com/demo/
2026-09-23 00:27:06 | INFO     | [test_search.py:38] | Executing test_search_non_existent_product for 'XYZNonExistentDevice999'
2026-09-23 00:27:06 | INFO     | [home_page.py:34] | Searching for product: 'XYZNonExistentDevice999'
2026-09-23 00:27:06 | INFO     | [base_page.py:40] | Entering text into element ('name', 'search')
2026-09-23 00:27:06 | INFO     | [base_page.py:28] | Clicking element: ('css selector', '#search button')
2026-09-23 00:27:06 | INFO     | [base_page.py:51] | Retrieved text 'There is no product that matches the search criteria.' from element: ('xpath', "//p[contains(text(), 'There is no product that matches the search criteria.')]")
2026-09-23 00:27:06 | INFO     | [test_search.py:45] | test_search_non_existent_product passed successfully
2026-09-23 00:27:06 | INFO     | [conftest.py:54] | Tearing down WebDriver session
2026-09-23 00:27:06 | INFO     | [conftest.py:42] | Starting test session with browser=chrome, headless=True
2026-09-23 00:27:06 | INFO     | [driver_factory.py:26] | Initializing WebDriver for browser='chrome', headless=True
2026-09-23 00:27:07 | INFO     | [driver_factory.py:71] | WebDriver successfully initialized with implicit_wait=10s
2026-09-23 00:27:07 | INFO     | [conftest.py:49] | Navigating to application URL: https://tutorialsninja.com/demo/
2026-09-23 00:27:08 | INFO     | [test_search.py:60] | Executing data-driven search for 'MacBook', expecting status: found
2026-09-23 00:27:08 | INFO     | [home_page.py:34] | Searching for product: 'MacBook'
2026-09-23 00:27:08 | INFO     | [base_page.py:40] | Entering text into element ('name', 'search')
2026-09-23 00:27:08 | INFO     | [base_page.py:28] | Clicking element: ('css selector', '#search button')
2026-09-23 00:27:09 | INFO     | [search_page.py:26] | Found 3 products in search results: ['MacBook', 'MacBook Air', 'MacBook Pro']
2026-09-23 00:27:09 | INFO     | [search_page.py:33] | Product 'MacBook' presence check: True
2026-09-23 00:27:09 | INFO     | [test_search.py:77] | Data-driven search test for 'MacBook' passed
2026-09-23 00:27:09 | INFO     | [conftest.py:54] | Tearing down WebDriver session
2026-09-23 00:27:09 | INFO     | [conftest.py:42] | Starting test session with browser=chrome, headless=True
2026-09-23 00:27:09 | INFO     | [driver_factory.py:26] | Initializing WebDriver for browser='chrome', headless=True
2026-09-23 00:27:09 | INFO     | [driver_factory.py:71] | WebDriver successfully initialized with implicit_wait=10s
2026-09-23 00:27:09 | INFO     | [conftest.py:49] | Navigating to application URL: https://tutorialsninja.com/demo/
2026-09-23 00:27:11 | INFO     | [test_search.py:60] | Executing data-driven search for 'iPhone', expecting status: found
2026-09-23 00:27:11 | INFO     | [home_page.py:34] | Searching for product: 'iPhone'
2026-09-23 00:27:11 | INFO     | [base_page.py:40] | Entering text into element ('name', 'search')
2026-09-23 00:27:11 | INFO     | [base_page.py:28] | Clicking element: ('css selector', '#search button')
2026-09-23 00:27:11 | INFO     | [search_page.py:26] | Found 1 products in search results: ['iPhone']
2026-09-23 00:27:11 | INFO     | [search_page.py:33] | Product 'iPhone' presence check: True
2026-09-23 00:27:11 | INFO     | [test_search.py:77] | Data-driven search test for 'iPhone' passed
2026-09-23 00:27:11 | INFO     | [conftest.py:54] | Tearing down WebDriver session
2026-09-23 00:27:11 | INFO     | [conftest.py:42] | Starting test session with browser=chrome, headless=True
2026-09-23 00:27:11 | INFO     | [driver_factory.py:26] | Initializing WebDriver for browser='chrome', headless=True
2026-09-23 00:27:12 | INFO     | [driver_factory.py:71] | WebDriver successfully initialized with implicit_wait=10s
2026-09-23 00:27:12 | INFO     | [conftest.py:49] | Navigating to application URL: https://tutorialsninja.com/demo/
2026-09-23 00:27:13 | INFO     | [test_search.py:60] | Executing data-driven search for 'Samsung SyncMaster', expecting status: found
2026-09-23 00:27:13 | INFO     | [home_page.py:34] | Searching for product: 'Samsung SyncMaster'
2026-09-23 00:27:13 | INFO     | [base_page.py:40] | Entering text into element ('name', 'search')
2026-09-23 00:27:13 | INFO     | [base_page.py:28] | Clicking element: ('css selector', '#search button')
2026-09-23 00:27:14 | INFO     | [search_page.py:26] | Found 1 products in search results: ['Samsung SyncMaster 941BW']
2026-09-23 00:27:14 | INFO     | [search_page.py:33] | Product 'Samsung SyncMaster 941BW' presence check: True
2026-09-23 00:27:14 | INFO     | [test_search.py:77] | Data-driven search test for 'Samsung SyncMaster' passed
2026-09-23 00:27:14 | INFO     | [conftest.py:54] | Tearing down WebDriver session
2026-09-23 00:27:14 | INFO     | [conftest.py:42] | Starting test session with browser=chrome, headless=True
2026-09-23 00:27:14 | INFO     | [driver_factory.py:26] | Initializing WebDriver for browser='chrome', headless=True
2026-09-23 00:27:14 | INFO     | [driver_factory.py:71] | WebDriver successfully initialized with implicit_wait=10s
2026-09-23 00:27:14 | INFO     | [conftest.py:49] | Navigating to application URL: https://tutorialsninja.com/demo/
2026-09-23 00:27:16 | INFO     | [test_search.py:60] | Executing data-driven search for 'Samsung Galaxy', expecting status: found
2026-09-23 00:27:16 | INFO     | [home_page.py:34] | Searching for product: 'Samsung Galaxy'
2026-09-23 00:27:16 | INFO     | [base_page.py:40] | Entering text into element ('name', 'search')
2026-09-23 00:27:16 | INFO     | [base_page.py:28] | Clicking element: ('css selector', '#search button')
2026-09-23 00:27:16 | INFO     | [search_page.py:26] | Found 1 products in search results: ['Samsung Galaxy Tab 10.1']
2026-09-23 00:27:16 | INFO     | [search_page.py:33] | Product 'Samsung Galaxy Tab 10.1' presence check: True
2026-09-23 00:27:16 | INFO     | [test_search.py:77] | Data-driven search test for 'Samsung Galaxy' passed
2026-09-23 00:27:16 | INFO     | [conftest.py:54] | Tearing down WebDriver session
2026-09-23 00:27:16 | INFO     | [conftest.py:42] | Starting test session with browser=chrome, headless=True
2026-09-23 00:27:16 | INFO     | [driver_factory.py:26] | Initializing WebDriver for browser='chrome', headless=True
2026-09-23 00:27:17 | INFO     | [driver_factory.py:71] | WebDriver successfully initialized with implicit_wait=10s
2026-09-23 00:27:17 | INFO     | [conftest.py:49] | Navigating to application URL: https://tutorialsninja.com/demo/
2026-09-23 00:27:18 | INFO     | [test_search.py:60] | Executing data-driven search for 'NonExistentItem9999', expecting status: not_found
2026-09-23 00:27:18 | INFO     | [home_page.py:34] | Searching for product: 'NonExistentItem9999'
2026-09-23 00:27:18 | INFO     | [base_page.py:40] | Entering text into element ('name', 'search')
2026-09-23 00:27:18 | INFO     | [base_page.py:28] | Clicking element: ('css selector', '#search button')
2026-09-23 00:27:19 | INFO     | [base_page.py:51] | Retrieved text 'There is no product that matches the search criteria.' from element: ('xpath', "//p[contains(text(), 'There is no product that matches the search criteria.')]")
2026-09-23 00:27:19 | INFO     | [test_search.py:77] | Data-driven search test for 'NonExistentItem9999' passed
2026-09-23 00:27:19 | INFO     | [conftest.py:54] | Tearing down WebDriver session
2026-09-23 00:27:33 | INFO     | [base_test_case.py:20] | --- Starting Unittest: test_invalid_login_permutations_csv ---
2026-09-23 00:27:33 | INFO     | [driver_factory.py:26] | Initializing WebDriver for browser='chrome', headless=True
2026-09-23 00:27:34 | INFO     | [driver_factory.py:71] | WebDriver successfully initialized with implicit_wait=10s
2026-09-23 00:27:36 | INFO     | [test_login_unittest.py:37] | Running Unittest: test_invalid_login_permutations_csv
2026-09-23 00:27:36 | INFO     | [csv_utils.py:27] | Loaded 4 rows from CSV: login_data.csv
2026-09-23 00:27:36 | INFO     | [test_login_unittest.py:48] | SubTest [TC_LOGIN_VALID] executing with email='selenium_capstone_user@testautomation.com'
2026-09-23 00:27:36 | INFO     | [home_page.py:27] | Navigating to Login page from Home page
2026-09-23 00:27:36 | INFO     | [base_page.py:28] | Clicking element: ('xpath', "//a[@title='My Account']")
2026-09-23 00:27:36 | INFO     | [base_page.py:28] | Clicking element: ('link text', 'Login')
2026-09-23 00:27:36 | INFO     | [login_page.py:37] | Attempting login with email: selenium_capstone_user@testautomation.com
2026-09-23 00:27:36 | INFO     | [base_page.py:40] | Entering text into element ('id', 'input-email')
2026-09-23 00:27:36 | INFO     | [base_page.py:40] | Entering text into element ('id', 'input-password')
2026-09-23 00:27:36 | INFO     | [base_page.py:28] | Clicking element: ('xpath', "//input[@value='Login']")
2026-09-23 00:27:38 | INFO     | [account_page.py:31] | Logging out from Account dashboard
2026-09-23 00:27:38 | INFO     | [base_page.py:28] | Clicking element: ('xpath', "//aside[@id='column-right']//a[text()='Logout']")
2026-09-23 00:27:39 | INFO     | [test_login_unittest.py:48] | SubTest [TC_LOGIN_INVALID_PWD] executing with email='selenium_capstone_user@testautomation.com'
2026-09-23 00:27:39 | INFO     | [home_page.py:27] | Navigating to Login page from Home page
2026-09-23 00:27:39 | INFO     | [base_page.py:28] | Clicking element: ('xpath', "//a[@title='My Account']")
2026-09-23 00:27:39 | INFO     | [base_page.py:28] | Clicking element: ('link text', 'Login')
2026-09-23 00:27:39 | INFO     | [login_page.py:37] | Attempting login with email: selenium_capstone_user@testautomation.com
2026-09-23 00:27:39 | INFO     | [base_page.py:40] | Entering text into element ('id', 'input-email')
2026-09-23 00:27:39 | INFO     | [base_page.py:40] | Entering text into element ('id', 'input-password')
2026-09-23 00:27:39 | INFO     | [base_page.py:28] | Clicking element: ('xpath', "//input[@value='Login']")
2026-09-23 00:27:41 | INFO     | [base_page.py:51] | Retrieved text 'Warning: No match for E-Mail Address and/or Password.' from element: ('css selector', '.alert-danger')
2026-09-23 00:27:41 | INFO     | [test_login_unittest.py:48] | SubTest [TC_LOGIN_INVALID_USER] executing with email='nonexistent_capstone_user_99@test.com'
2026-09-23 00:27:41 | INFO     | [home_page.py:27] | Navigating to Login page from Home page
2026-09-23 00:27:41 | INFO     | [base_page.py:28] | Clicking element: ('xpath', "//a[@title='My Account']")
2026-09-23 00:27:41 | INFO     | [base_page.py:28] | Clicking element: ('link text', 'Login')
2026-09-23 00:27:41 | INFO     | [login_page.py:37] | Attempting login with email: nonexistent_capstone_user_99@test.com
2026-09-23 00:27:41 | INFO     | [base_page.py:40] | Entering text into element ('id', 'input-email')
2026-09-23 00:27:41 | INFO     | [base_page.py:40] | Entering text into element ('id', 'input-password')
2026-09-23 00:27:41 | INFO     | [base_page.py:28] | Clicking element: ('xpath', "//input[@value='Login']")
2026-09-23 00:27:42 | INFO     | [base_page.py:51] | Retrieved text 'Warning: No match for E-Mail Address and/or Password.' from element: ('css selector', '.alert-danger')
2026-09-23 00:27:42 | INFO     | [test_login_unittest.py:48] | SubTest [TC_LOGIN_EMPTY_FIELDS] executing with email=''
2026-09-23 00:27:42 | INFO     | [home_page.py:27] | Navigating to Login page from Home page
2026-09-23 00:27:42 | INFO     | [base_page.py:28] | Clicking element: ('xpath', "//a[@title='My Account']")
2026-09-23 00:27:42 | INFO     | [base_page.py:28] | Clicking element: ('link text', 'Login')
2026-09-23 00:27:42 | INFO     | [login_page.py:37] | Attempting login with email: 
2026-09-23 00:27:42 | INFO     | [base_page.py:40] | Entering text into element ('id', 'input-email')
2026-09-23 00:27:42 | INFO     | [base_page.py:40] | Entering text into element ('id', 'input-password')
2026-09-23 00:27:42 | INFO     | [base_page.py:28] | Clicking element: ('xpath', "//input[@value='Login']")
2026-09-23 00:27:43 | INFO     | [base_page.py:51] | Retrieved text 'Warning: No match for E-Mail Address and/or Password.' from element: ('css selector', '.alert-danger')
2026-09-23 00:27:43 | INFO     | [base_test_case.py:43] | --- Finished Unittest: test_invalid_login_permutations_csv ---
2026-09-23 00:27:43 | INFO     | [base_test_case.py:20] | --- Starting Unittest: test_valid_user_login ---
2026-09-23 00:27:43 | INFO     | [driver_factory.py:26] | Initializing WebDriver for browser='chrome', headless=True
2026-09-23 00:27:44 | INFO     | [driver_factory.py:71] | WebDriver successfully initialized with implicit_wait=10s
2026-09-23 00:27:48 | INFO     | [test_login_unittest.py:19] | Running Unittest: test_valid_user_login
2026-09-23 00:27:48 | INFO     | [home_page.py:27] | Navigating to Login page from Home page
2026-09-23 00:27:48 | INFO     | [base_page.py:28] | Clicking element: ('xpath', "//a[@title='My Account']")
2026-09-23 00:27:48 | INFO     | [base_page.py:28] | Clicking element: ('link text', 'Login')
2026-09-23 00:27:48 | INFO     | [login_page.py:37] | Attempting login with email: selenium_capstone_user@testautomation.com
2026-09-23 00:27:48 | INFO     | [base_page.py:40] | Entering text into element ('id', 'input-email')
2026-09-23 00:27:48 | INFO     | [base_page.py:40] | Entering text into element ('id', 'input-password')
2026-09-23 00:27:48 | INFO     | [base_page.py:28] | Clicking element: ('xpath', "//input[@value='Login']")
2026-09-23 00:27:51 | INFO     | [base_page.py:80] | Current page title: 'My Account'
2026-09-23 00:27:51 | INFO     | [account_page.py:31] | Logging out from Account dashboard
2026-09-23 00:27:51 | INFO     | [base_page.py:28] | Clicking element: ('xpath', "//aside[@id='column-right']//a[text()='Logout']")
2026-09-23 00:27:56 | INFO     | [base_test_case.py:43] | --- Finished Unittest: test_valid_user_login ---
2026-09-23 00:27:56 | INFO     | [base_test_case.py:20] | --- Starting Unittest: test_search_data_driven_csv ---
2026-09-23 00:27:56 | INFO     | [driver_factory.py:26] | Initializing WebDriver for browser='chrome', headless=True
2026-09-23 00:27:56 | INFO     | [driver_factory.py:71] | WebDriver successfully initialized with implicit_wait=10s
2026-09-23 00:27:58 | INFO     | [test_search_unittest.py:36] | Running Unittest: test_search_data_driven_csv
2026-09-23 00:27:58 | INFO     | [csv_utils.py:27] | Loaded 5 rows from CSV: search_data.csv
2026-09-23 00:27:58 | INFO     | [test_search_unittest.py:45] | SubTest search term: 'MacBook'
2026-09-23 00:27:58 | INFO     | [home_page.py:34] | Searching for product: 'MacBook'
2026-09-23 00:27:58 | INFO     | [base_page.py:40] | Entering text into element ('name', 'search')
2026-09-23 00:27:58 | INFO     | [base_page.py:28] | Clicking element: ('css selector', '#search button')
2026-09-23 00:27:59 | INFO     | [search_page.py:26] | Found 3 products in search results: ['MacBook', 'MacBook Air', 'MacBook Pro']
2026-09-23 00:27:59 | INFO     | [search_page.py:33] | Product 'MacBook' presence check: True
2026-09-23 00:27:59 | INFO     | [test_search_unittest.py:45] | SubTest search term: 'iPhone'
2026-09-23 00:27:59 | INFO     | [home_page.py:34] | Searching for product: 'iPhone'
2026-09-23 00:27:59 | INFO     | [base_page.py:40] | Entering text into element ('name', 'search')
2026-09-23 00:27:59 | INFO     | [base_page.py:28] | Clicking element: ('css selector', '#search button')
2026-09-23 00:28:00 | INFO     | [search_page.py:26] | Found 1 products in search results: ['iPhone']
2026-09-23 00:28:00 | INFO     | [search_page.py:33] | Product 'iPhone' presence check: True
2026-09-23 00:28:00 | INFO     | [test_search_unittest.py:45] | SubTest search term: 'Samsung SyncMaster'
2026-09-23 00:28:00 | INFO     | [home_page.py:34] | Searching for product: 'Samsung SyncMaster'
2026-09-23 00:28:00 | INFO     | [base_page.py:40] | Entering text into element ('name', 'search')
2026-09-23 00:28:00 | INFO     | [base_page.py:28] | Clicking element: ('css selector', '#search button')
2026-09-23 00:28:00 | INFO     | [search_page.py:26] | Found 1 products in search results: ['Samsung SyncMaster 941BW']
2026-09-23 00:28:00 | INFO     | [search_page.py:33] | Product 'Samsung SyncMaster 941BW' presence check: True
2026-09-23 00:28:00 | INFO     | [test_search_unittest.py:45] | SubTest search term: 'Samsung Galaxy'
2026-09-23 00:28:00 | INFO     | [home_page.py:34] | Searching for product: 'Samsung Galaxy'
2026-09-23 00:28:00 | INFO     | [base_page.py:40] | Entering text into element ('name', 'search')
2026-09-23 00:28:00 | INFO     | [base_page.py:28] | Clicking element: ('css selector', '#search button')
2026-09-23 00:28:00 | INFO     | [search_page.py:26] | Found 1 products in search results: ['Samsung Galaxy Tab 10.1']
2026-09-23 00:28:00 | INFO     | [search_page.py:33] | Product 'Samsung Galaxy Tab 10.1' presence check: True
2026-09-23 00:28:00 | INFO     | [test_search_unittest.py:45] | SubTest search term: 'NonExistentItem9999'
2026-09-23 00:28:00 | INFO     | [home_page.py:34] | Searching for product: 'NonExistentItem9999'
2026-09-23 00:28:01 | INFO     | [base_page.py:40] | Entering text into element ('name', 'search')
2026-09-23 00:28:01 | INFO     | [base_page.py:28] | Clicking element: ('css selector', '#search button')
2026-09-23 00:28:01 | INFO     | [base_page.py:51] | Retrieved text 'There is no product that matches the search criteria.' from element: ('xpath', "//p[contains(text(), 'There is no product that matches the search criteria.')]")
2026-09-23 00:28:01 | INFO     | [base_test_case.py:43] | --- Finished Unittest: test_search_data_driven_csv ---
2026-09-23 00:28:01 | INFO     | [base_test_case.py:20] | --- Starting Unittest: test_search_for_non_existent_product ---
2026-09-23 00:28:01 | INFO     | [driver_factory.py:26] | Initializing WebDriver for browser='chrome', headless=True
2026-09-23 00:28:01 | INFO     | [driver_factory.py:71] | WebDriver successfully initialized with implicit_wait=10s
2026-09-23 00:28:03 | INFO     | [test_search_unittest.py:27] | Running Unittest: test_search_for_non_existent_product
2026-09-23 00:28:03 | INFO     | [home_page.py:34] | Searching for product: 'NonExistentItem9999'
2026-09-23 00:28:03 | INFO     | [base_page.py:40] | Entering text into element ('name', 'search')
2026-09-23 00:28:03 | INFO     | [base_page.py:28] | Clicking element: ('css selector', '#search button')
2026-09-23 00:28:03 | INFO     | [base_page.py:51] | Retrieved text 'There is no product that matches the search criteria.' from element: ('xpath', "//p[contains(text(), 'There is no product that matches the search criteria.')]")
2026-09-23 00:28:03 | INFO     | [base_test_case.py:43] | --- Finished Unittest: test_search_for_non_existent_product ---
2026-09-23 00:28:03 | INFO     | [base_test_case.py:20] | --- Starting Unittest: test_search_for_valid_product ---
2026-09-23 00:28:03 | INFO     | [driver_factory.py:26] | Initializing WebDriver for browser='chrome', headless=True
2026-09-23 00:28:03 | INFO     | [driver_factory.py:71] | WebDriver successfully initialized with implicit_wait=10s
2026-09-23 00:28:06 | INFO     | [test_search_unittest.py:18] | Running Unittest: test_search_for_valid_product
2026-09-23 00:28:06 | INFO     | [home_page.py:34] | Searching for product: 'MacBook'
2026-09-23 00:28:06 | INFO     | [base_page.py:40] | Entering text into element ('name', 'search')
2026-09-23 00:28:06 | INFO     | [base_page.py:28] | Clicking element: ('css selector', '#search button')
2026-09-23 00:28:06 | INFO     | [search_page.py:26] | Found 3 products in search results: ['MacBook', 'MacBook Air', 'MacBook Pro']
2026-09-23 00:28:06 | INFO     | [search_page.py:33] | Product 'MacBook' presence check: True
2026-09-23 00:28:06 | INFO     | [search_page.py:26] | Found 3 products in search results: ['MacBook', 'MacBook Air', 'MacBook Pro']
2026-09-23 00:28:06 | INFO     | [base_test_case.py:43] | --- Finished Unittest: test_search_for_valid_product ---
2026-09-23 00:29:37 | INFO     | [csv_utils.py:27] | Loaded 4 rows from CSV: login_data.csv
2026-09-23 00:29:37 | INFO     | [csv_utils.py:27] | Loaded 5 rows from CSV: search_data.csv
2026-09-23 00:29:37 | INFO     | [conftest.py:42] | Starting test session with browser=chrome, headless=True
2026-09-23 00:29:37 | INFO     | [driver_factory.py:26] | Initializing WebDriver for browser='chrome', headless=True
2026-09-23 00:29:37 | INFO     | [driver_factory.py:71] | WebDriver successfully initialized with implicit_wait=10s
2026-09-23 00:29:37 | INFO     | [conftest.py:49] | Navigating to application URL: https://tutorialsninja.com/demo/
2026-09-23 00:29:39 | INFO     | [test_login.py:23] | Executing test_valid_login
2026-09-23 00:29:39 | INFO     | [home_page.py:27] | Navigating to Login page from Home page
2026-09-23 00:29:39 | INFO     | [base_page.py:28] | Clicking element: ('xpath', "//a[@title='My Account']")
2026-09-23 00:29:39 | INFO     | [base_page.py:28] | Clicking element: ('link text', 'Login')
2026-09-23 00:29:40 | INFO     | [login_page.py:37] | Attempting login with email: selenium_capstone_user@testautomation.com
2026-09-23 00:29:40 | INFO     | [base_page.py:40] | Entering text into element ('id', 'input-email')
2026-09-23 00:29:40 | INFO     | [base_page.py:40] | Entering text into element ('id', 'input-password')
2026-09-23 00:29:40 | INFO     | [base_page.py:28] | Clicking element: ('xpath', "//input[@value='Login']")
2026-09-23 00:29:42 | INFO     | [base_page.py:80] | Current page title: 'My Account'
2026-09-23 00:29:42 | INFO     | [account_page.py:31] | Logging out from Account dashboard
2026-09-23 00:29:42 | INFO     | [base_page.py:28] | Clicking element: ('xpath', "//aside[@id='column-right']//a[text()='Logout']")
2026-09-23 00:29:42 | INFO     | [test_login.py:39] | test_valid_login passed successfully
2026-09-23 00:29:42 | INFO     | [conftest.py:54] | Tearing down WebDriver session
2026-09-23 00:29:42 | INFO     | [conftest.py:42] | Starting test session with browser=chrome, headless=True
2026-09-23 00:29:42 | INFO     | [driver_factory.py:26] | Initializing WebDriver for browser='chrome', headless=True
2026-09-23 00:29:43 | INFO     | [driver_factory.py:71] | WebDriver successfully initialized with implicit_wait=10s
2026-09-23 00:29:43 | INFO     | [conftest.py:49] | Navigating to application URL: https://tutorialsninja.com/demo/
2026-09-23 00:29:44 | INFO     | [test_search.py:23] | Executing test_search_existing_product for 'MacBook'
2026-09-23 00:29:44 | INFO     | [home_page.py:34] | Searching for product: 'MacBook'
2026-09-23 00:29:44 | INFO     | [base_page.py:40] | Entering text into element ('name', 'search')
2026-09-23 00:29:44 | INFO     | [base_page.py:28] | Clicking element: ('css selector', '#search button')
2026-09-23 00:29:45 | INFO     | [search_page.py:26] | Found 3 products in search results: ['MacBook', 'MacBook Air', 'MacBook Pro']
2026-09-23 00:29:45 | INFO     | [search_page.py:26] | Found 3 products in search results: ['MacBook', 'MacBook Air', 'MacBook Pro']
2026-09-23 00:29:45 | INFO     | [search_page.py:33] | Product 'MacBook' presence check: True
2026-09-23 00:29:45 | INFO     | [test_search.py:30] | test_search_existing_product passed successfully
2026-09-23 00:29:45 | INFO     | [conftest.py:54] | Tearing down WebDriver session
2026-09-23 00:29:45 | INFO     | [conftest.py:42] | Starting test session with browser=chrome, headless=True
2026-09-23 00:29:45 | INFO     | [driver_factory.py:26] | Initializing WebDriver for browser='chrome', headless=True
2026-09-23 00:29:45 | INFO     | [driver_factory.py:71] | WebDriver successfully initialized with implicit_wait=10s
2026-09-23 00:29:45 | INFO     | [conftest.py:49] | Navigating to application URL: https://tutorialsninja.com/demo/
2026-09-23 00:29:50 | INFO     | [test_search.py:38] | Executing test_search_non_existent_product for 'XYZNonExistentDevice999'
2026-09-23 00:29:50 | INFO     | [home_page.py:34] | Searching for product: 'XYZNonExistentDevice999'
2026-09-23 00:29:50 | INFO     | [base_page.py:40] | Entering text into element ('name', 'search')
2026-09-23 00:29:50 | INFO     | [base_page.py:28] | Clicking element: ('css selector', '#search button')
2026-09-23 00:29:50 | INFO     | [base_page.py:51] | Retrieved text 'There is no product that matches the search criteria.' from element: ('xpath', "//p[contains(text(), 'There is no product that matches the search criteria.')]")
2026-09-23 00:29:50 | INFO     | [test_search.py:45] | test_search_non_existent_product passed successfully
2026-09-23 00:29:50 | INFO     | [conftest.py:54] | Tearing down WebDriver session
2026-09-23 00:47:37 | INFO     | [csv_utils.py:27] | Loaded 4 rows from CSV: login_data.csv
2026-09-23 00:47:37 | INFO     | [csv_utils.py:27] | Loaded 5 rows from CSV: search_data.csv
2026-09-23 00:47:37 | INFO     | [conftest.py:42] | Starting test session with browser=chrome, headless=True
2026-09-23 00:47:37 | INFO     | [driver_factory.py:26] | Initializing WebDriver for browser='chrome', headless=True
2026-09-23 00:47:38 | INFO     | [driver_factory.py:71] | WebDriver successfully initialized with implicit_wait=10s
2026-09-23 00:47:38 | INFO     | [conftest.py:49] | Navigating to application URL: https://tutorialsninja.com/demo/
2026-09-23 00:47:40 | INFO     | [test_login.py:23] | Executing test_valid_login
2026-09-23 00:47:40 | INFO     | [home_page.py:27] | Navigating to Login page from Home page
2026-09-23 00:47:40 | INFO     | [base_page.py:28] | Clicking element: ('xpath', "//a[@title='My Account']")
2026-09-23 00:47:40 | INFO     | [base_page.py:28] | Clicking element: ('link text', 'Login')
2026-09-23 00:47:40 | INFO     | [login_page.py:37] | Attempting login with email: selenium_capstone_user@testautomation.com
2026-09-23 00:47:40 | INFO     | [base_page.py:40] | Entering text into element ('id', 'input-email')
2026-09-23 00:47:40 | INFO     | [base_page.py:40] | Entering text into element ('id', 'input-password')
2026-09-23 00:47:40 | INFO     | [base_page.py:28] | Clicking element: ('xpath', "//input[@value='Login']")
2026-09-23 00:47:42 | INFO     | [base_page.py:80] | Current page title: 'My Account'
2026-09-23 00:47:42 | INFO     | [account_page.py:31] | Logging out from Account dashboard
2026-09-23 00:47:42 | INFO     | [base_page.py:28] | Clicking element: ('xpath', "//aside[@id='column-right']//a[text()='Logout']")
2026-09-23 00:47:42 | INFO     | [test_login.py:39] | test_valid_login passed successfully
2026-09-23 00:47:42 | INFO     | [conftest.py:54] | Tearing down WebDriver session
2026-09-23 00:47:42 | INFO     | [conftest.py:42] | Starting test session with browser=chrome, headless=True
2026-09-23 00:47:42 | INFO     | [driver_factory.py:26] | Initializing WebDriver for browser='chrome', headless=True
2026-09-23 00:47:43 | INFO     | [driver_factory.py:71] | WebDriver successfully initialized with implicit_wait=10s
2026-09-23 00:47:43 | INFO     | [conftest.py:49] | Navigating to application URL: https://tutorialsninja.com/demo/
2026-09-23 00:47:44 | INFO     | [test_login.py:54] | Executing TC_LOGIN_VALID | Outcome expected: success
2026-09-23 00:47:44 | INFO     | [home_page.py:27] | Navigating to Login page from Home page
2026-09-23 00:47:44 | INFO     | [base_page.py:28] | Clicking element: ('xpath', "//a[@title='My Account']")
2026-09-23 00:47:44 | INFO     | [base_page.py:28] | Clicking element: ('link text', 'Login')
2026-09-23 00:47:45 | INFO     | [login_page.py:37] | Attempting login with email: selenium_capstone_user@testautomation.com
2026-09-23 00:47:45 | INFO     | [base_page.py:40] | Entering text into element ('id', 'input-email')
2026-09-23 00:47:45 | INFO     | [base_page.py:40] | Entering text into element ('id', 'input-password')
2026-09-23 00:47:45 | INFO     | [base_page.py:28] | Clicking element: ('xpath', "//input[@value='Login']")
2026-09-23 00:47:46 | INFO     | [account_page.py:31] | Logging out from Account dashboard
2026-09-23 00:47:46 | INFO     | [base_page.py:28] | Clicking element: ('xpath', "//aside[@id='column-right']//a[text()='Logout']")
2026-09-23 00:47:46 | INFO     | [test_login.py:68] | TC_LOGIN_VALID completed successfully
2026-09-23 00:47:46 | INFO     | [conftest.py:54] | Tearing down WebDriver session
2026-09-23 00:47:46 | INFO     | [conftest.py:42] | Starting test session with browser=chrome, headless=True
2026-09-23 00:47:46 | INFO     | [driver_factory.py:26] | Initializing WebDriver for browser='chrome', headless=True
2026-09-23 00:47:47 | INFO     | [driver_factory.py:71] | WebDriver successfully initialized with implicit_wait=10s
2026-09-23 00:47:47 | INFO     | [conftest.py:49] | Navigating to application URL: https://tutorialsninja.com/demo/
2026-09-23 00:47:49 | INFO     | [test_login.py:54] | Executing TC_LOGIN_INVALID_PWD | Outcome expected: failure
2026-09-23 00:47:49 | INFO     | [home_page.py:27] | Navigating to Login page from Home page
2026-09-23 00:47:49 | INFO     | [base_page.py:28] | Clicking element: ('xpath', "//a[@title='My Account']")
2026-09-23 00:47:49 | INFO     | [base_page.py:28] | Clicking element: ('link text', 'Login')
2026-09-23 00:47:49 | INFO     | [login_page.py:37] | Attempting login with email: selenium_capstone_user@testautomation.com
2026-09-23 00:47:49 | INFO     | [base_page.py:40] | Entering text into element ('id', 'input-email')
2026-09-23 00:47:49 | INFO     | [base_page.py:40] | Entering text into element ('id', 'input-password')
2026-09-23 00:47:49 | INFO     | [base_page.py:28] | Clicking element: ('xpath', "//input[@value='Login']")
2026-09-23 00:47:50 | INFO     | [base_page.py:51] | Retrieved text 'Warning: No match for E-Mail Address and/or Password.' from element: ('css selector', '.alert-danger')
2026-09-23 00:47:50 | INFO     | [test_login.py:68] | TC_LOGIN_INVALID_PWD completed successfully
2026-09-23 00:47:50 | INFO     | [conftest.py:54] | Tearing down WebDriver session
2026-09-23 00:47:50 | INFO     | [conftest.py:42] | Starting test session with browser=chrome, headless=True
2026-09-23 00:47:50 | INFO     | [driver_factory.py:26] | Initializing WebDriver for browser='chrome', headless=True
2026-09-23 00:47:50 | INFO     | [driver_factory.py:71] | WebDriver successfully initialized with implicit_wait=10s
2026-09-23 00:47:50 | INFO     | [conftest.py:49] | Navigating to application URL: https://tutorialsninja.com/demo/
2026-09-23 00:47:52 | INFO     | [test_login.py:54] | Executing TC_LOGIN_INVALID_USER | Outcome expected: failure
2026-09-23 00:47:52 | INFO     | [home_page.py:27] | Navigating to Login page from Home page
2026-09-23 00:47:52 | INFO     | [base_page.py:28] | Clicking element: ('xpath', "//a[@title='My Account']")
2026-09-23 00:47:52 | INFO     | [base_page.py:28] | Clicking element: ('link text', 'Login')
2026-09-23 00:47:52 | INFO     | [login_page.py:37] | Attempting login with email: nonexistent_capstone_user_99@test.com
2026-09-23 00:47:52 | INFO     | [base_page.py:40] | Entering text into element ('id', 'input-email')
2026-09-23 00:47:52 | INFO     | [base_page.py:40] | Entering text into element ('id', 'input-password')
2026-09-23 00:47:52 | INFO     | [base_page.py:28] | Clicking element: ('xpath', "//input[@value='Login']")
2026-09-23 00:47:53 | INFO     | [base_page.py:51] | Retrieved text 'Warning: No match for E-Mail Address and/or Password.' from element: ('css selector', '.alert-danger')
2026-09-23 00:47:53 | INFO     | [test_login.py:68] | TC_LOGIN_INVALID_USER completed successfully
2026-09-23 00:47:53 | INFO     | [conftest.py:54] | Tearing down WebDriver session
2026-09-23 00:47:53 | INFO     | [conftest.py:42] | Starting test session with browser=chrome, headless=True
2026-09-23 00:47:53 | INFO     | [driver_factory.py:26] | Initializing WebDriver for browser='chrome', headless=True
2026-09-23 00:47:53 | INFO     | [driver_factory.py:71] | WebDriver successfully initialized with implicit_wait=10s
2026-09-23 00:47:53 | INFO     | [conftest.py:49] | Navigating to application URL: https://tutorialsninja.com/demo/
2026-09-23 00:47:55 | INFO     | [test_login.py:54] | Executing TC_LOGIN_EMPTY_FIELDS | Outcome expected: failure
2026-09-23 00:47:55 | INFO     | [home_page.py:27] | Navigating to Login page from Home page
2026-09-23 00:47:55 | INFO     | [base_page.py:28] | Clicking element: ('xpath', "//a[@title='My Account']")
2026-09-23 00:47:55 | INFO     | [base_page.py:28] | Clicking element: ('link text', 'Login')
2026-09-23 00:47:55 | INFO     | [login_page.py:37] | Attempting login with email: 
2026-09-23 00:47:55 | INFO     | [base_page.py:40] | Entering text into element ('id', 'input-email')
2026-09-23 00:47:55 | INFO     | [base_page.py:40] | Entering text into element ('id', 'input-password')
2026-09-23 00:47:55 | INFO     | [base_page.py:28] | Clicking element: ('xpath', "//input[@value='Login']")
2026-09-23 00:47:56 | INFO     | [base_page.py:51] | Retrieved text 'Warning: No match for E-Mail Address and/or Password.' from element: ('css selector', '.alert-danger')
2026-09-23 00:47:56 | INFO     | [test_login.py:68] | TC_LOGIN_EMPTY_FIELDS completed successfully
2026-09-23 00:47:56 | INFO     | [conftest.py:54] | Tearing down WebDriver session
2026-09-23 00:47:56 | INFO     | [conftest.py:42] | Starting test session with browser=chrome, headless=True
2026-09-23 00:47:56 | INFO     | [driver_factory.py:26] | Initializing WebDriver for browser='chrome', headless=True
2026-09-23 00:47:57 | INFO     | [driver_factory.py:71] | WebDriver successfully initialized with implicit_wait=10s
2026-09-23 00:47:57 | INFO     | [conftest.py:49] | Navigating to application URL: https://tutorialsninja.com/demo/
2026-09-23 00:47:59 | INFO     | [test_search.py:23] | Executing test_search_existing_product for 'MacBook'
2026-09-23 00:47:59 | INFO     | [home_page.py:34] | Searching for product: 'MacBook'
2026-09-23 00:47:59 | INFO     | [base_page.py:40] | Entering text into element ('name', 'search')
2026-09-23 00:47:59 | INFO     | [base_page.py:28] | Clicking element: ('css selector', '#search button')
2026-09-23 00:48:00 | INFO     | [search_page.py:26] | Found 3 products in search results: ['MacBook', 'MacBook Air', 'MacBook Pro']
2026-09-23 00:48:00 | INFO     | [search_page.py:26] | Found 3 products in search results: ['MacBook', 'MacBook Air', 'MacBook Pro']
2026-09-23 00:48:00 | INFO     | [search_page.py:33] | Product 'MacBook' presence check: True
2026-09-23 00:48:00 | INFO     | [test_search.py:30] | test_search_existing_product passed successfully
2026-09-23 00:48:00 | INFO     | [conftest.py:54] | Tearing down WebDriver session
2026-09-23 00:48:00 | INFO     | [conftest.py:42] | Starting test session with browser=chrome, headless=True
2026-09-23 00:48:00 | INFO     | [driver_factory.py:26] | Initializing WebDriver for browser='chrome', headless=True
2026-09-23 00:48:00 | INFO     | [driver_factory.py:71] | WebDriver successfully initialized with implicit_wait=10s
2026-09-23 00:48:00 | INFO     | [conftest.py:49] | Navigating to application URL: https://tutorialsninja.com/demo/
2026-09-23 00:48:02 | INFO     | [test_search.py:38] | Executing test_search_non_existent_product for 'XYZNonExistentDevice999'
2026-09-23 00:48:02 | INFO     | [home_page.py:34] | Searching for product: 'XYZNonExistentDevice999'
2026-09-23 00:48:02 | INFO     | [base_page.py:40] | Entering text into element ('name', 'search')
2026-09-23 00:48:02 | INFO     | [base_page.py:28] | Clicking element: ('css selector', '#search button')
2026-09-23 00:48:02 | INFO     | [base_page.py:51] | Retrieved text 'There is no product that matches the search criteria.' from element: ('xpath', "//p[contains(text(), 'There is no product that matches the search criteria.')]")
2026-09-23 00:48:02 | INFO     | [test_search.py:45] | test_search_non_existent_product passed successfully
2026-09-23 00:48:02 | INFO     | [conftest.py:54] | Tearing down WebDriver session
2026-09-23 00:48:02 | INFO     | [conftest.py:42] | Starting test session with browser=chrome, headless=True
2026-09-23 00:48:02 | INFO     | [driver_factory.py:26] | Initializing WebDriver for browser='chrome', headless=True
2026-09-23 00:48:02 | INFO     | [driver_factory.py:71] | WebDriver successfully initialized with implicit_wait=10s
2026-09-23 00:48:02 | INFO     | [conftest.py:49] | Navigating to application URL: https://tutorialsninja.com/demo/
2026-09-23 00:48:04 | INFO     | [test_search.py:60] | Executing data-driven search for 'MacBook', expecting status: found
2026-09-23 00:48:04 | INFO     | [home_page.py:34] | Searching for product: 'MacBook'
2026-09-23 00:48:04 | INFO     | [base_page.py:40] | Entering text into element ('name', 'search')
2026-09-23 00:48:04 | INFO     | [base_page.py:28] | Clicking element: ('css selector', '#search button')
2026-09-23 00:48:05 | INFO     | [search_page.py:26] | Found 3 products in search results: ['MacBook', 'MacBook Air', 'MacBook Pro']
2026-09-23 00:48:05 | INFO     | [search_page.py:33] | Product 'MacBook' presence check: True
2026-09-23 00:48:05 | INFO     | [test_search.py:77] | Data-driven search test for 'MacBook' passed
2026-09-23 00:48:05 | INFO     | [conftest.py:54] | Tearing down WebDriver session
2026-09-23 00:48:05 | INFO     | [conftest.py:42] | Starting test session with browser=chrome, headless=True
2026-09-23 00:48:05 | INFO     | [driver_factory.py:26] | Initializing WebDriver for browser='chrome', headless=True
2026-09-23 00:48:05 | INFO     | [driver_factory.py:71] | WebDriver successfully initialized with implicit_wait=10s
2026-09-23 00:48:05 | INFO     | [conftest.py:49] | Navigating to application URL: https://tutorialsninja.com/demo/
2026-09-23 00:48:06 | INFO     | [test_search.py:60] | Executing data-driven search for 'iPhone', expecting status: found
2026-09-23 00:48:06 | INFO     | [home_page.py:34] | Searching for product: 'iPhone'
2026-09-23 00:48:06 | INFO     | [base_page.py:40] | Entering text into element ('name', 'search')
2026-09-23 00:48:06 | INFO     | [base_page.py:28] | Clicking element: ('css selector', '#search button')
2026-09-23 00:48:07 | INFO     | [search_page.py:26] | Found 1 products in search results: ['iPhone']
2026-09-23 00:48:07 | INFO     | [search_page.py:33] | Product 'iPhone' presence check: True
2026-09-23 00:48:07 | INFO     | [test_search.py:77] | Data-driven search test for 'iPhone' passed
2026-09-23 00:48:07 | INFO     | [conftest.py:54] | Tearing down WebDriver session
2026-09-23 00:48:07 | INFO     | [conftest.py:42] | Starting test session with browser=chrome, headless=True
2026-09-23 00:48:07 | INFO     | [driver_factory.py:26] | Initializing WebDriver for browser='chrome', headless=True
2026-09-23 00:48:07 | INFO     | [driver_factory.py:71] | WebDriver successfully initialized with implicit_wait=10s
2026-09-23 00:48:07 | INFO     | [conftest.py:49] | Navigating to application URL: https://tutorialsninja.com/demo/
2026-09-23 00:48:09 | INFO     | [test_search.py:60] | Executing data-driven search for 'Samsung SyncMaster', expecting status: found
2026-09-23 00:48:09 | INFO     | [home_page.py:34] | Searching for product: 'Samsung SyncMaster'
2026-09-23 00:48:09 | INFO     | [base_page.py:40] | Entering text into element ('name', 'search')
2026-09-23 00:48:09 | INFO     | [base_page.py:28] | Clicking element: ('css selector', '#search button')
2026-09-23 00:48:09 | INFO     | [search_page.py:26] | Found 1 products in search results: ['Samsung SyncMaster 941BW']
2026-09-23 00:48:09 | INFO     | [search_page.py:33] | Product 'Samsung SyncMaster 941BW' presence check: True
2026-09-23 00:48:09 | INFO     | [test_search.py:77] | Data-driven search test for 'Samsung SyncMaster' passed
2026-09-23 00:48:09 | INFO     | [conftest.py:54] | Tearing down WebDriver session
2026-09-23 00:48:09 | INFO     | [conftest.py:42] | Starting test session with browser=chrome, headless=True
2026-09-23 00:48:09 | INFO     | [driver_factory.py:26] | Initializing WebDriver for browser='chrome', headless=True
2026-09-23 00:48:09 | INFO     | [driver_factory.py:71] | WebDriver successfully initialized with implicit_wait=10s
2026-09-23 00:48:09 | INFO     | [conftest.py:49] | Navigating to application URL: https://tutorialsninja.com/demo/
2026-09-23 00:48:11 | INFO     | [test_search.py:60] | Executing data-driven search for 'Samsung Galaxy', expecting status: found
2026-09-23 00:48:11 | INFO     | [home_page.py:34] | Searching for product: 'Samsung Galaxy'
2026-09-23 00:48:11 | INFO     | [base_page.py:40] | Entering text into element ('name', 'search')
2026-09-23 00:48:11 | INFO     | [base_page.py:28] | Clicking element: ('css selector', '#search button')
2026-09-23 00:48:11 | INFO     | [search_page.py:26] | Found 1 products in search results: ['Samsung Galaxy Tab 10.1']
2026-09-23 00:48:11 | INFO     | [search_page.py:33] | Product 'Samsung Galaxy Tab 10.1' presence check: True
2026-09-23 00:48:11 | INFO     | [test_search.py:77] | Data-driven search test for 'Samsung Galaxy' passed
2026-09-23 00:48:11 | INFO     | [conftest.py:54] | Tearing down WebDriver session
2026-09-23 00:48:11 | INFO     | [conftest.py:42] | Starting test session with browser=chrome, headless=True
2026-09-23 00:48:11 | INFO     | [driver_factory.py:26] | Initializing WebDriver for browser='chrome', headless=True
2026-09-23 00:48:12 | INFO     | [driver_factory.py:71] | WebDriver successfully initialized with implicit_wait=10s
2026-09-23 00:48:12 | INFO     | [conftest.py:49] | Navigating to application URL: https://tutorialsninja.com/demo/
2026-09-23 00:48:13 | INFO     | [test_search.py:60] | Executing data-driven search for 'NonExistentItem9999', expecting status: not_found
2026-09-23 00:48:13 | INFO     | [home_page.py:34] | Searching for product: 'NonExistentItem9999'
2026-09-23 00:48:14 | INFO     | [base_page.py:40] | Entering text into element ('name', 'search')
2026-09-23 00:48:14 | INFO     | [base_page.py:28] | Clicking element: ('css selector', '#search button')
2026-09-23 00:48:14 | INFO     | [base_page.py:51] | Retrieved text 'There is no product that matches the search criteria.' from element: ('xpath', "//p[contains(text(), 'There is no product that matches the search criteria.')]")
2026-09-23 00:48:14 | INFO     | [test_search.py:77] | Data-driven search test for 'NonExistentItem9999' passed
2026-09-23 00:48:14 | INFO     | [conftest.py:54] | Tearing down WebDriver session
2026-09-23 00:48:14 | INFO     | [base_test_case.py:20] | --- Starting Unittest: test_invalid_login_permutations_csv ---
2026-09-23 00:48:14 | INFO     | [driver_factory.py:26] | Initializing WebDriver for browser='chrome', headless=True
2026-09-23 00:48:14 | INFO     | [driver_factory.py:71] | WebDriver successfully initialized with implicit_wait=10s
2026-09-23 00:48:16 | INFO     | [test_login_unittest.py:37] | Running Unittest: test_invalid_login_permutations_csv
2026-09-23 00:48:16 | INFO     | [csv_utils.py:27] | Loaded 4 rows from CSV: login_data.csv
2026-09-23 00:48:16 | INFO     | [test_login_unittest.py:48] | SubTest [TC_LOGIN_VALID] executing with email='selenium_capstone_user@testautomation.com'
2026-09-23 00:48:16 | INFO     | [home_page.py:27] | Navigating to Login page from Home page
2026-09-23 00:48:16 | INFO     | [base_page.py:28] | Clicking element: ('xpath', "//a[@title='My Account']")
2026-09-23 00:48:16 | INFO     | [base_page.py:28] | Clicking element: ('link text', 'Login')
2026-09-23 00:48:16 | INFO     | [login_page.py:37] | Attempting login with email: selenium_capstone_user@testautomation.com
2026-09-23 00:48:16 | INFO     | [base_page.py:40] | Entering text into element ('id', 'input-email')
2026-09-23 00:48:16 | INFO     | [base_page.py:40] | Entering text into element ('id', 'input-password')
2026-09-23 00:48:16 | INFO     | [base_page.py:28] | Clicking element: ('xpath', "//input[@value='Login']")
2026-09-23 00:48:17 | INFO     | [account_page.py:31] | Logging out from Account dashboard
2026-09-23 00:48:17 | INFO     | [base_page.py:28] | Clicking element: ('xpath', "//aside[@id='column-right']//a[text()='Logout']")
2026-09-23 00:48:18 | INFO     | [test_login_unittest.py:48] | SubTest [TC_LOGIN_INVALID_PWD] executing with email='selenium_capstone_user@testautomation.com'
2026-09-23 00:48:18 | INFO     | [home_page.py:27] | Navigating to Login page from Home page
2026-09-23 00:48:18 | INFO     | [base_page.py:28] | Clicking element: ('xpath', "//a[@title='My Account']")
2026-09-23 00:48:18 | INFO     | [base_page.py:28] | Clicking element: ('link text', 'Login')
2026-09-23 00:48:18 | INFO     | [login_page.py:37] | Attempting login with email: selenium_capstone_user@testautomation.com
2026-09-23 00:48:18 | INFO     | [base_page.py:40] | Entering text into element ('id', 'input-email')
2026-09-23 00:48:18 | INFO     | [base_page.py:40] | Entering text into element ('id', 'input-password')
2026-09-23 00:48:18 | INFO     | [base_page.py:28] | Clicking element: ('xpath', "//input[@value='Login']")
2026-09-23 00:48:19 | INFO     | [base_page.py:51] | Retrieved text 'Warning: No match for E-Mail Address and/or Password.' from element: ('css selector', '.alert-danger')
2026-09-23 00:48:19 | INFO     | [test_login_unittest.py:48] | SubTest [TC_LOGIN_INVALID_USER] executing with email='nonexistent_capstone_user_99@test.com'
2026-09-23 00:48:19 | INFO     | [home_page.py:27] | Navigating to Login page from Home page
2026-09-23 00:48:19 | INFO     | [base_page.py:28] | Clicking element: ('xpath', "//a[@title='My Account']")
2026-09-23 00:48:19 | INFO     | [base_page.py:28] | Clicking element: ('link text', 'Login')
2026-09-23 00:48:19 | INFO     | [login_page.py:37] | Attempting login with email: nonexistent_capstone_user_99@test.com
2026-09-23 00:48:19 | INFO     | [base_page.py:40] | Entering text into element ('id', 'input-email')
2026-09-23 00:48:19 | INFO     | [base_page.py:40] | Entering text into element ('id', 'input-password')
2026-09-23 00:48:19 | INFO     | [base_page.py:28] | Clicking element: ('xpath', "//input[@value='Login']")
2026-09-23 00:48:20 | INFO     | [base_page.py:51] | Retrieved text 'Warning: No match for E-Mail Address and/or Password.' from element: ('css selector', '.alert-danger')
2026-09-23 00:48:20 | INFO     | [test_login_unittest.py:48] | SubTest [TC_LOGIN_EMPTY_FIELDS] executing with email=''
2026-09-23 00:48:20 | INFO     | [home_page.py:27] | Navigating to Login page from Home page
2026-09-23 00:48:20 | INFO     | [base_page.py:28] | Clicking element: ('xpath', "//a[@title='My Account']")
2026-09-23 00:48:20 | INFO     | [base_page.py:28] | Clicking element: ('link text', 'Login')
2026-09-23 00:48:21 | INFO     | [login_page.py:37] | Attempting login with email: 
2026-09-23 00:48:21 | INFO     | [base_page.py:40] | Entering text into element ('id', 'input-email')
2026-09-23 00:48:21 | INFO     | [base_page.py:40] | Entering text into element ('id', 'input-password')
2026-09-23 00:48:21 | INFO     | [base_page.py:28] | Clicking element: ('xpath', "//input[@value='Login']")
2026-09-23 00:48:22 | INFO     | [base_page.py:51] | Retrieved text 'Warning: No match for E-Mail Address and/or Password.' from element: ('css selector', '.alert-danger')
2026-09-23 00:48:22 | INFO     | [base_test_case.py:43] | --- Finished Unittest: test_invalid_login_permutations_csv ---
2026-09-23 00:48:22 | INFO     | [base_test_case.py:20] | --- Starting Unittest: test_valid_user_login ---
2026-09-23 00:48:22 | INFO     | [driver_factory.py:26] | Initializing WebDriver for browser='chrome', headless=True
2026-09-23 00:48:22 | INFO     | [driver_factory.py:71] | WebDriver successfully initialized with implicit_wait=10s
2026-09-23 00:48:26 | INFO     | [test_login_unittest.py:19] | Running Unittest: test_valid_user_login
2026-09-23 00:48:26 | INFO     | [home_page.py:27] | Navigating to Login page from Home page
2026-09-23 00:48:26 | INFO     | [base_page.py:28] | Clicking element: ('xpath', "//a[@title='My Account']")
2026-09-23 00:48:26 | INFO     | [base_page.py:28] | Clicking element: ('link text', 'Login')
2026-09-23 00:48:27 | INFO     | [login_page.py:37] | Attempting login with email: selenium_capstone_user@testautomation.com
2026-09-23 00:48:27 | INFO     | [base_page.py:40] | Entering text into element ('id', 'input-email')
2026-09-23 00:48:27 | INFO     | [base_page.py:40] | Entering text into element ('id', 'input-password')
2026-09-23 00:48:27 | INFO     | [base_page.py:28] | Clicking element: ('xpath', "//input[@value='Login']")
2026-09-23 00:48:28 | INFO     | [base_page.py:80] | Current page title: 'My Account'
2026-09-23 00:48:28 | INFO     | [account_page.py:31] | Logging out from Account dashboard
2026-09-23 00:48:28 | INFO     | [base_page.py:28] | Clicking element: ('xpath', "//aside[@id='column-right']//a[text()='Logout']")
2026-09-23 00:48:28 | INFO     | [base_test_case.py:43] | --- Finished Unittest: test_valid_user_login ---
2026-09-23 00:48:28 | INFO     | [base_test_case.py:20] | --- Starting Unittest: test_search_data_driven_csv ---
2026-09-23 00:48:28 | INFO     | [driver_factory.py:26] | Initializing WebDriver for browser='chrome', headless=True
2026-09-23 00:48:28 | INFO     | [driver_factory.py:71] | WebDriver successfully initialized with implicit_wait=10s
2026-09-23 00:48:30 | INFO     | [test_search_unittest.py:36] | Running Unittest: test_search_data_driven_csv
2026-09-23 00:48:30 | INFO     | [csv_utils.py:27] | Loaded 5 rows from CSV: search_data.csv
2026-09-23 00:48:30 | INFO     | [test_search_unittest.py:45] | SubTest search term: 'MacBook'
2026-09-23 00:48:30 | INFO     | [home_page.py:34] | Searching for product: 'MacBook'
2026-09-23 00:48:30 | INFO     | [base_page.py:40] | Entering text into element ('name', 'search')
2026-09-23 00:48:30 | INFO     | [base_page.py:28] | Clicking element: ('css selector', '#search button')
2026-09-23 00:48:30 | INFO     | [search_page.py:26] | Found 3 products in search results: ['MacBook', 'MacBook Air', 'MacBook Pro']
2026-09-23 00:48:30 | INFO     | [search_page.py:33] | Product 'MacBook' presence check: True
2026-09-23 00:48:30 | INFO     | [test_search_unittest.py:45] | SubTest search term: 'iPhone'
2026-09-23 00:48:30 | INFO     | [home_page.py:34] | Searching for product: 'iPhone'
2026-09-23 00:48:30 | INFO     | [base_page.py:40] | Entering text into element ('name', 'search')
2026-09-23 00:48:30 | INFO     | [base_page.py:28] | Clicking element: ('css selector', '#search button')
2026-09-23 00:48:31 | INFO     | [search_page.py:26] | Found 1 products in search results: ['iPhone']
2026-09-23 00:48:31 | INFO     | [search_page.py:33] | Product 'iPhone' presence check: True
2026-09-23 00:48:31 | INFO     | [test_search_unittest.py:45] | SubTest search term: 'Samsung SyncMaster'
2026-09-23 00:48:31 | INFO     | [home_page.py:34] | Searching for product: 'Samsung SyncMaster'
2026-09-23 00:48:31 | INFO     | [base_page.py:40] | Entering text into element ('name', 'search')
2026-09-23 00:48:31 | INFO     | [base_page.py:28] | Clicking element: ('css selector', '#search button')
2026-09-23 00:48:31 | INFO     | [search_page.py:26] | Found 1 products in search results: ['Samsung SyncMaster 941BW']
2026-09-23 00:48:31 | INFO     | [search_page.py:33] | Product 'Samsung SyncMaster 941BW' presence check: True
2026-09-23 00:48:31 | INFO     | [test_search_unittest.py:45] | SubTest search term: 'Samsung Galaxy'
2026-09-23 00:48:31 | INFO     | [home_page.py:34] | Searching for product: 'Samsung Galaxy'
2026-09-23 00:48:31 | INFO     | [base_page.py:40] | Entering text into element ('name', 'search')
2026-09-23 00:48:31 | INFO     | [base_page.py:28] | Clicking element: ('css selector', '#search button')
2026-09-23 00:48:32 | INFO     | [search_page.py:26] | Found 1 products in search results: ['Samsung Galaxy Tab 10.1']
2026-09-23 00:48:32 | INFO     | [search_page.py:33] | Product 'Samsung Galaxy Tab 10.1' presence check: True
2026-09-23 00:48:32 | INFO     | [test_search_unittest.py:45] | SubTest search term: 'NonExistentItem9999'
2026-09-23 00:48:32 | INFO     | [home_page.py:34] | Searching for product: 'NonExistentItem9999'
2026-09-23 00:48:32 | INFO     | [base_page.py:40] | Entering text into element ('name', 'search')
2026-09-23 00:48:32 | INFO     | [base_page.py:28] | Clicking element: ('css selector', '#search button')
2026-09-23 00:48:32 | INFO     | [base_page.py:51] | Retrieved text 'There is no product that matches the search criteria.' from element: ('xpath', "//p[contains(text(), 'There is no product that matches the search criteria.')]")
2026-09-23 00:48:32 | INFO     | [base_test_case.py:43] | --- Finished Unittest: test_search_data_driven_csv ---
2026-09-23 00:48:32 | INFO     | [base_test_case.py:20] | --- Starting Unittest: test_search_for_non_existent_product ---
2026-09-23 00:48:32 | INFO     | [driver_factory.py:26] | Initializing WebDriver for browser='chrome', headless=True
2026-09-23 00:48:32 | INFO     | [driver_factory.py:71] | WebDriver successfully initialized with implicit_wait=10s
2026-09-23 00:48:35 | INFO     | [test_search_unittest.py:27] | Running Unittest: test_search_for_non_existent_product
2026-09-23 00:48:35 | INFO     | [home_page.py:34] | Searching for product: 'NonExistentItem9999'
2026-09-23 00:48:35 | INFO     | [base_page.py:40] | Entering text into element ('name', 'search')
2026-09-23 00:48:35 | INFO     | [base_page.py:28] | Clicking element: ('css selector', '#search button')
2026-09-23 00:48:35 | INFO     | [base_page.py:51] | Retrieved text 'There is no product that matches the search criteria.' from element: ('xpath', "//p[contains(text(), 'There is no product that matches the search criteria.')]")
2026-09-23 00:48:35 | INFO     | [base_test_case.py:43] | --- Finished Unittest: test_search_for_non_existent_product ---
2026-09-23 00:48:35 | INFO     | [base_test_case.py:20] | --- Starting Unittest: test_search_for_valid_product ---
2026-09-23 00:48:35 | INFO     | [driver_factory.py:26] | Initializing WebDriver for browser='chrome', headless=True
2026-09-23 00:48:36 | INFO     | [driver_factory.py:71] | WebDriver successfully initialized with implicit_wait=10s
2026-09-23 00:48:38 | INFO     | [test_search_unittest.py:18] | Running Unittest: test_search_for_valid_product
2026-09-23 00:48:38 | INFO     | [home_page.py:34] | Searching for product: 'MacBook'
2026-09-23 00:48:38 | INFO     | [base_page.py:40] | Entering text into element ('name', 'search')
2026-09-23 00:48:38 | INFO     | [base_page.py:28] | Clicking element: ('css selector', '#search button')
2026-09-23 00:48:38 | INFO     | [search_page.py:26] | Found 3 products in search results: ['MacBook', 'MacBook Air', 'MacBook Pro']
2026-09-23 00:48:38 | INFO     | [search_page.py:33] | Product 'MacBook' presence check: True
2026-09-23 00:48:38 | INFO     | [search_page.py:26] | Found 3 products in search results: ['MacBook', 'MacBook Air', 'MacBook Pro']
2026-09-23 00:48:38 | INFO     | [base_test_case.py:43] | --- Finished Unittest: test_search_for_valid_product ---
2026-09-23 11:59:08 | INFO     | [csv_utils.py:27] | Loaded 4 rows from CSV: login_data.csv
2026-09-23 11:59:08 | INFO     | [csv_utils.py:27] | Loaded 5 rows from CSV: search_data.csv
2026-09-23 11:59:08 | INFO     | [conftest.py:42] | Starting test session with browser=chrome, headless=True
2026-09-23 11:59:08 | INFO     | [driver_factory.py:26] | Initializing WebDriver for browser='chrome', headless=True
2026-09-23 11:59:11 | INFO     | [driver_factory.py:71] | WebDriver successfully initialized with implicit_wait=10s
2026-09-23 11:59:11 | INFO     | [conftest.py:49] | Navigating to application URL: https://tutorialsninja.com/demo/
2026-09-23 11:59:12 | INFO     | [test_login.py:23] | Executing test_valid_login
2026-09-23 11:59:12 | INFO     | [home_page.py:27] | Navigating to Login page from Home page
2026-09-23 11:59:12 | INFO     | [base_page.py:28] | Clicking element: ('xpath', "//a[@title='My Account']")
2026-09-23 11:59:12 | INFO     | [base_page.py:28] | Clicking element: ('link text', 'Login')
2026-09-23 11:59:12 | INFO     | [login_page.py:37] | Attempting login with email: selenium_capstone_user@testautomation.com
2026-09-23 11:59:12 | INFO     | [base_page.py:40] | Entering text into element ('id', 'input-email')
2026-09-23 11:59:12 | INFO     | [base_page.py:40] | Entering text into element ('id', 'input-password')
2026-09-23 11:59:12 | INFO     | [base_page.py:28] | Clicking element: ('xpath', "//input[@value='Login']")
2026-09-23 11:59:13 | INFO     | [base_page.py:80] | Current page title: 'My Account'
2026-09-23 11:59:13 | INFO     | [account_page.py:31] | Logging out from Account dashboard
2026-09-23 11:59:13 | INFO     | [base_page.py:28] | Clicking element: ('xpath', "//aside[@id='column-right']//a[text()='Logout']")
2026-09-23 11:59:13 | INFO     | [test_login.py:39] | test_valid_login passed successfully
2026-09-23 11:59:13 | INFO     | [conftest.py:54] | Tearing down WebDriver session
2026-09-23 11:59:13 | INFO     | [conftest.py:42] | Starting test session with browser=chrome, headless=True
2026-09-23 11:59:13 | INFO     | [driver_factory.py:26] | Initializing WebDriver for browser='chrome', headless=True
2026-09-23 11:59:14 | INFO     | [driver_factory.py:71] | WebDriver successfully initialized with implicit_wait=10s
2026-09-23 11:59:14 | INFO     | [conftest.py:49] | Navigating to application URL: https://tutorialsninja.com/demo/
2026-09-23 11:59:14 | INFO     | [test_login.py:54] | Executing TC_LOGIN_VALID | Outcome expected: success
2026-09-23 11:59:14 | INFO     | [home_page.py:27] | Navigating to Login page from Home page
2026-09-23 11:59:14 | INFO     | [base_page.py:28] | Clicking element: ('xpath', "//a[@title='My Account']")
2026-09-23 11:59:14 | INFO     | [base_page.py:28] | Clicking element: ('link text', 'Login')
2026-09-23 11:59:15 | INFO     | [login_page.py:37] | Attempting login with email: selenium_capstone_user@testautomation.com
2026-09-23 11:59:15 | INFO     | [base_page.py:40] | Entering text into element ('id', 'input-email')
2026-09-23 11:59:15 | INFO     | [base_page.py:40] | Entering text into element ('id', 'input-password')
2026-09-23 11:59:15 | INFO     | [base_page.py:28] | Clicking element: ('xpath', "//input[@value='Login']")
2026-09-23 11:59:16 | INFO     | [account_page.py:31] | Logging out from Account dashboard
2026-09-23 11:59:16 | INFO     | [base_page.py:28] | Clicking element: ('xpath', "//aside[@id='column-right']//a[text()='Logout']")
2026-09-23 11:59:16 | INFO     | [test_login.py:68] | TC_LOGIN_VALID completed successfully
2026-09-23 11:59:16 | INFO     | [conftest.py:54] | Tearing down WebDriver session
2026-09-23 11:59:16 | INFO     | [conftest.py:42] | Starting test session with browser=chrome, headless=True
2026-09-23 11:59:16 | INFO     | [driver_factory.py:26] | Initializing WebDriver for browser='chrome', headless=True
2026-09-23 11:59:16 | INFO     | [driver_factory.py:71] | WebDriver successfully initialized with implicit_wait=10s
2026-09-23 11:59:16 | INFO     | [conftest.py:49] | Navigating to application URL: https://tutorialsninja.com/demo/
2026-09-23 11:59:17 | INFO     | [test_login.py:54] | Executing TC_LOGIN_INVALID_PWD | Outcome expected: failure
2026-09-23 11:59:17 | INFO     | [home_page.py:27] | Navigating to Login page from Home page
2026-09-23 11:59:17 | INFO     | [base_page.py:28] | Clicking element: ('xpath', "//a[@title='My Account']")
2026-09-23 11:59:17 | INFO     | [base_page.py:28] | Clicking element: ('link text', 'Login')
2026-09-23 11:59:17 | INFO     | [login_page.py:37] | Attempting login with email: selenium_capstone_user@testautomation.com
2026-09-23 11:59:17 | INFO     | [base_page.py:40] | Entering text into element ('id', 'input-email')
2026-09-23 11:59:18 | INFO     | [base_page.py:40] | Entering text into element ('id', 'input-password')
2026-09-23 11:59:18 | INFO     | [base_page.py:28] | Clicking element: ('xpath', "//input[@value='Login']")
2026-09-23 11:59:18 | INFO     | [base_page.py:51] | Retrieved text 'Warning: No match for E-Mail Address and/or Password.' from element: ('css selector', '.alert-danger')
2026-09-23 11:59:18 | INFO     | [test_login.py:68] | TC_LOGIN_INVALID_PWD completed successfully
2026-09-23 11:59:18 | INFO     | [conftest.py:54] | Tearing down WebDriver session
2026-09-23 11:59:18 | INFO     | [conftest.py:42] | Starting test session with browser=chrome, headless=True
2026-09-23 11:59:18 | INFO     | [driver_factory.py:26] | Initializing WebDriver for browser='chrome', headless=True
2026-09-23 11:59:19 | INFO     | [driver_factory.py:71] | WebDriver successfully initialized with implicit_wait=10s
2026-09-23 11:59:19 | INFO     | [conftest.py:49] | Navigating to application URL: https://tutorialsninja.com/demo/
2026-09-23 11:59:20 | INFO     | [test_login.py:54] | Executing TC_LOGIN_INVALID_USER | Outcome expected: failure
2026-09-23 11:59:20 | INFO     | [home_page.py:27] | Navigating to Login page from Home page
2026-09-23 11:59:20 | INFO     | [base_page.py:28] | Clicking element: ('xpath', "//a[@title='My Account']")
2026-09-23 11:59:20 | INFO     | [base_page.py:28] | Clicking element: ('link text', 'Login')
2026-09-23 11:59:20 | INFO     | [login_page.py:37] | Attempting login with email: nonexistent_capstone_user_99@test.com
2026-09-23 11:59:20 | INFO     | [base_page.py:40] | Entering text into element ('id', 'input-email')
2026-09-23 11:59:20 | INFO     | [base_page.py:40] | Entering text into element ('id', 'input-password')
2026-09-23 11:59:20 | INFO     | [base_page.py:28] | Clicking element: ('xpath', "//input[@value='Login']")
2026-09-23 11:59:21 | INFO     | [base_page.py:51] | Retrieved text 'Warning: No match for E-Mail Address and/or Password.' from element: ('css selector', '.alert-danger')
2026-09-23 11:59:21 | INFO     | [test_login.py:68] | TC_LOGIN_INVALID_USER completed successfully
2026-09-23 11:59:21 | INFO     | [conftest.py:54] | Tearing down WebDriver session
2026-09-23 11:59:21 | INFO     | [conftest.py:42] | Starting test session with browser=chrome, headless=True
2026-09-23 11:59:21 | INFO     | [driver_factory.py:26] | Initializing WebDriver for browser='chrome', headless=True
2026-09-23 11:59:21 | INFO     | [driver_factory.py:71] | WebDriver successfully initialized with implicit_wait=10s
2026-09-23 11:59:21 | INFO     | [conftest.py:49] | Navigating to application URL: https://tutorialsninja.com/demo/
2026-09-23 11:59:22 | INFO     | [test_login.py:54] | Executing TC_LOGIN_EMPTY_FIELDS | Outcome expected: failure
2026-09-23 11:59:22 | INFO     | [home_page.py:27] | Navigating to Login page from Home page
2026-09-23 11:59:22 | INFO     | [base_page.py:28] | Clicking element: ('xpath', "//a[@title='My Account']")
2026-09-23 11:59:22 | INFO     | [base_page.py:28] | Clicking element: ('link text', 'Login')
2026-09-23 11:59:22 | INFO     | [login_page.py:37] | Attempting login with email: 
2026-09-23 11:59:22 | INFO     | [base_page.py:40] | Entering text into element ('id', 'input-email')
2026-09-23 11:59:22 | INFO     | [base_page.py:40] | Entering text into element ('id', 'input-password')
2026-09-23 11:59:22 | INFO     | [base_page.py:28] | Clicking element: ('xpath', "//input[@value='Login']")
2026-09-23 11:59:24 | INFO     | [base_page.py:51] | Retrieved text 'Warning: No match for E-Mail Address and/or Password.' from element: ('css selector', '.alert-danger')
2026-09-23 11:59:24 | INFO     | [test_login.py:68] | TC_LOGIN_EMPTY_FIELDS completed successfully
2026-09-23 11:59:24 | INFO     | [conftest.py:54] | Tearing down WebDriver session
2026-09-23 11:59:24 | INFO     | [conftest.py:42] | Starting test session with browser=chrome, headless=True
2026-09-23 11:59:24 | INFO     | [driver_factory.py:26] | Initializing WebDriver for browser='chrome', headless=True
2026-09-23 11:59:24 | INFO     | [driver_factory.py:71] | WebDriver successfully initialized with implicit_wait=10s
2026-09-23 11:59:24 | INFO     | [conftest.py:49] | Navigating to application URL: https://tutorialsninja.com/demo/
2026-09-23 11:59:25 | INFO     | [test_search.py:23] | Executing test_search_existing_product for 'MacBook'
2026-09-23 11:59:25 | INFO     | [home_page.py:34] | Searching for product: 'MacBook'
2026-09-23 11:59:25 | INFO     | [base_page.py:40] | Entering text into element ('name', 'search')
2026-09-23 11:59:25 | INFO     | [base_page.py:28] | Clicking element: ('css selector', '#search button')
2026-09-23 11:59:25 | INFO     | [search_page.py:26] | Found 3 products in search results: ['MacBook', 'MacBook Air', 'MacBook Pro']
2026-09-23 11:59:25 | INFO     | [search_page.py:26] | Found 3 products in search results: ['MacBook', 'MacBook Air', 'MacBook Pro']
2026-09-23 11:59:25 | INFO     | [search_page.py:33] | Product 'MacBook' presence check: True
2026-09-23 11:59:25 | INFO     | [test_search.py:30] | test_search_existing_product passed successfully
2026-09-23 11:59:25 | INFO     | [conftest.py:54] | Tearing down WebDriver session
2026-09-23 11:59:25 | INFO     | [conftest.py:42] | Starting test session with browser=chrome, headless=True
2026-09-23 11:59:25 | INFO     | [driver_factory.py:26] | Initializing WebDriver for browser='chrome', headless=True
2026-09-23 11:59:26 | INFO     | [driver_factory.py:71] | WebDriver successfully initialized with implicit_wait=10s
2026-09-23 11:59:26 | INFO     | [conftest.py:49] | Navigating to application URL: https://tutorialsninja.com/demo/
2026-09-23 11:59:27 | INFO     | [test_search.py:38] | Executing test_search_non_existent_product for 'XYZNonExistentDevice999'
2026-09-23 11:59:27 | INFO     | [home_page.py:34] | Searching for product: 'XYZNonExistentDevice999'
2026-09-23 11:59:27 | INFO     | [base_page.py:40] | Entering text into element ('name', 'search')
2026-09-23 11:59:27 | INFO     | [base_page.py:28] | Clicking element: ('css selector', '#search button')
2026-09-23 11:59:27 | INFO     | [base_page.py:51] | Retrieved text 'There is no product that matches the search criteria.' from element: ('xpath', "//p[contains(text(), 'There is no product that matches the search criteria.')]")
2026-09-23 11:59:27 | INFO     | [test_search.py:45] | test_search_non_existent_product passed successfully
2026-09-23 11:59:27 | INFO     | [conftest.py:54] | Tearing down WebDriver session
2026-09-23 11:59:27 | INFO     | [conftest.py:42] | Starting test session with browser=chrome, headless=True
2026-09-23 11:59:27 | INFO     | [driver_factory.py:26] | Initializing WebDriver for browser='chrome', headless=True
2026-09-23 11:59:27 | INFO     | [driver_factory.py:71] | WebDriver successfully initialized with implicit_wait=10s
2026-09-23 11:59:27 | INFO     | [conftest.py:49] | Navigating to application URL: https://tutorialsninja.com/demo/
2026-09-23 11:59:28 | INFO     | [test_search.py:60] | Executing data-driven search for 'MacBook', expecting status: found
2026-09-23 11:59:28 | INFO     | [home_page.py:34] | Searching for product: 'MacBook'
2026-09-23 11:59:28 | INFO     | [base_page.py:40] | Entering text into element ('name', 'search')
2026-09-23 11:59:28 | INFO     | [base_page.py:28] | Clicking element: ('css selector', '#search button')
2026-09-23 11:59:29 | INFO     | [search_page.py:26] | Found 3 products in search results: ['MacBook', 'MacBook Air', 'MacBook Pro']
2026-09-23 11:59:29 | INFO     | [search_page.py:33] | Product 'MacBook' presence check: True
2026-09-23 11:59:29 | INFO     | [test_search.py:77] | Data-driven search test for 'MacBook' passed
2026-09-23 11:59:29 | INFO     | [conftest.py:54] | Tearing down WebDriver session
2026-09-23 11:59:29 | INFO     | [conftest.py:42] | Starting test session with browser=chrome, headless=True
2026-09-23 11:59:29 | INFO     | [driver_factory.py:26] | Initializing WebDriver for browser='chrome', headless=True
2026-09-23 11:59:29 | INFO     | [driver_factory.py:71] | WebDriver successfully initialized with implicit_wait=10s
2026-09-23 11:59:29 | INFO     | [conftest.py:49] | Navigating to application URL: https://tutorialsninja.com/demo/
2026-09-23 11:59:30 | INFO     | [test_search.py:60] | Executing data-driven search for 'iPhone', expecting status: found
2026-09-23 11:59:30 | INFO     | [home_page.py:34] | Searching for product: 'iPhone'
2026-09-23 11:59:30 | INFO     | [base_page.py:40] | Entering text into element ('name', 'search')
2026-09-23 11:59:30 | INFO     | [base_page.py:28] | Clicking element: ('css selector', '#search button')
2026-09-23 11:59:30 | INFO     | [search_page.py:26] | Found 1 products in search results: ['iPhone']
2026-09-23 11:59:30 | INFO     | [search_page.py:33] | Product 'iPhone' presence check: True
2026-09-23 11:59:30 | INFO     | [test_search.py:77] | Data-driven search test for 'iPhone' passed
2026-09-23 11:59:30 | INFO     | [conftest.py:54] | Tearing down WebDriver session
2026-09-23 11:59:30 | INFO     | [conftest.py:42] | Starting test session with browser=chrome, headless=True
2026-09-23 11:59:30 | INFO     | [driver_factory.py:26] | Initializing WebDriver for browser='chrome', headless=True
2026-09-23 11:59:31 | INFO     | [driver_factory.py:71] | WebDriver successfully initialized with implicit_wait=10s
2026-09-23 11:59:31 | INFO     | [conftest.py:49] | Navigating to application URL: https://tutorialsninja.com/demo/
2026-09-23 11:59:32 | INFO     | [test_search.py:60] | Executing data-driven search for 'Samsung SyncMaster', expecting status: found
2026-09-23 11:59:32 | INFO     | [home_page.py:34] | Searching for product: 'Samsung SyncMaster'
2026-09-23 11:59:32 | INFO     | [base_page.py:40] | Entering text into element ('name', 'search')
2026-09-23 11:59:32 | INFO     | [base_page.py:28] | Clicking element: ('css selector', '#search button')
2026-09-23 11:59:32 | INFO     | [search_page.py:26] | Found 1 products in search results: ['Samsung SyncMaster 941BW']
2026-09-23 11:59:32 | INFO     | [search_page.py:33] | Product 'Samsung SyncMaster 941BW' presence check: True
2026-09-23 11:59:32 | INFO     | [test_search.py:77] | Data-driven search test for 'Samsung SyncMaster' passed
2026-09-23 11:59:32 | INFO     | [conftest.py:54] | Tearing down WebDriver session
2026-09-23 11:59:32 | INFO     | [conftest.py:42] | Starting test session with browser=chrome, headless=True
2026-09-23 11:59:32 | INFO     | [driver_factory.py:26] | Initializing WebDriver for browser='chrome', headless=True
2026-09-23 11:59:32 | INFO     | [driver_factory.py:71] | WebDriver successfully initialized with implicit_wait=10s
2026-09-23 11:59:32 | INFO     | [conftest.py:49] | Navigating to application URL: https://tutorialsninja.com/demo/
2026-09-23 11:59:33 | INFO     | [test_search.py:60] | Executing data-driven search for 'Samsung Galaxy', expecting status: found
2026-09-23 11:59:33 | INFO     | [home_page.py:34] | Searching for product: 'Samsung Galaxy'
2026-09-23 11:59:33 | INFO     | [base_page.py:40] | Entering text into element ('name', 'search')
2026-09-23 11:59:33 | INFO     | [base_page.py:28] | Clicking element: ('css selector', '#search button')
2026-09-23 11:59:34 | INFO     | [search_page.py:26] | Found 1 products in search results: ['Samsung Galaxy Tab 10.1']
2026-09-23 11:59:34 | INFO     | [search_page.py:33] | Product 'Samsung Galaxy Tab 10.1' presence check: True
2026-09-23 11:59:34 | INFO     | [test_search.py:77] | Data-driven search test for 'Samsung Galaxy' passed
2026-09-23 11:59:34 | INFO     | [conftest.py:54] | Tearing down WebDriver session
2026-09-23 11:59:34 | INFO     | [conftest.py:42] | Starting test session with browser=chrome, headless=True
2026-09-23 11:59:34 | INFO     | [driver_factory.py:26] | Initializing WebDriver for browser='chrome', headless=True
2026-09-23 11:59:34 | INFO     | [driver_factory.py:71] | WebDriver successfully initialized with implicit_wait=10s
2026-09-23 11:59:34 | INFO     | [conftest.py:49] | Navigating to application URL: https://tutorialsninja.com/demo/
2026-09-23 11:59:35 | INFO     | [test_search.py:60] | Executing data-driven search for 'NonExistentItem9999', expecting status: not_found
2026-09-23 11:59:35 | INFO     | [home_page.py:34] | Searching for product: 'NonExistentItem9999'
2026-09-23 11:59:35 | INFO     | [base_page.py:40] | Entering text into element ('name', 'search')
2026-09-23 11:59:35 | INFO     | [base_page.py:28] | Clicking element: ('css selector', '#search button')
2026-09-23 11:59:35 | INFO     | [base_page.py:51] | Retrieved text 'There is no product that matches the search criteria.' from element: ('xpath', "//p[contains(text(), 'There is no product that matches the search criteria.')]")
2026-09-23 11:59:35 | INFO     | [test_search.py:77] | Data-driven search test for 'NonExistentItem9999' passed
2026-09-23 11:59:35 | INFO     | [conftest.py:54] | Tearing down WebDriver session
2026-09-23 12:00:25 | INFO     | [base_test_case.py:20] | --- Starting Unittest: test_invalid_login_permutations_csv ---
2026-09-23 12:00:25 | INFO     | [driver_factory.py:26] | Initializing WebDriver for browser='chrome', headless=True
2026-09-23 12:00:26 | INFO     | [driver_factory.py:71] | WebDriver successfully initialized with implicit_wait=10s
2026-09-23 12:00:27 | INFO     | [test_login_unittest.py:37] | Running Unittest: test_invalid_login_permutations_csv
2026-09-23 12:00:27 | INFO     | [csv_utils.py:27] | Loaded 4 rows from CSV: login_data.csv
2026-09-23 12:00:27 | INFO     | [test_login_unittest.py:48] | SubTest [TC_LOGIN_VALID] executing with email='selenium_capstone_user@testautomation.com'
2026-09-23 12:00:27 | INFO     | [home_page.py:27] | Navigating to Login page from Home page
2026-09-23 12:00:27 | INFO     | [base_page.py:28] | Clicking element: ('xpath', "//a[@title='My Account']")
2026-09-23 12:00:27 | INFO     | [base_page.py:28] | Clicking element: ('link text', 'Login')
2026-09-23 12:00:27 | INFO     | [login_page.py:37] | Attempting login with email: selenium_capstone_user@testautomation.com
2026-09-23 12:00:27 | INFO     | [base_page.py:40] | Entering text into element ('id', 'input-email')
2026-09-23 12:00:27 | INFO     | [base_page.py:40] | Entering text into element ('id', 'input-password')
2026-09-23 12:00:27 | INFO     | [base_page.py:28] | Clicking element: ('xpath', "//input[@value='Login']")
2026-09-23 12:00:29 | INFO     | [account_page.py:31] | Logging out from Account dashboard
2026-09-23 12:00:29 | INFO     | [base_page.py:28] | Clicking element: ('xpath', "//aside[@id='column-right']//a[text()='Logout']")
2026-09-23 12:00:29 | INFO     | [test_login_unittest.py:48] | SubTest [TC_LOGIN_INVALID_PWD] executing with email='selenium_capstone_user@testautomation.com'
2026-09-23 12:00:29 | INFO     | [home_page.py:27] | Navigating to Login page from Home page
2026-09-23 12:00:29 | INFO     | [base_page.py:28] | Clicking element: ('xpath', "//a[@title='My Account']")
2026-09-23 12:00:29 | INFO     | [base_page.py:28] | Clicking element: ('link text', 'Login')
2026-09-23 12:00:29 | INFO     | [login_page.py:37] | Attempting login with email: selenium_capstone_user@testautomation.com
2026-09-23 12:00:29 | INFO     | [base_page.py:40] | Entering text into element ('id', 'input-email')
2026-09-23 12:00:29 | INFO     | [base_page.py:40] | Entering text into element ('id', 'input-password')
2026-09-23 12:00:29 | INFO     | [base_page.py:28] | Clicking element: ('xpath', "//input[@value='Login']")
2026-09-23 12:00:30 | INFO     | [base_page.py:51] | Retrieved text 'Warning: No match for E-Mail Address and/or Password.' from element: ('css selector', '.alert-danger')
2026-09-23 12:00:30 | INFO     | [test_login_unittest.py:48] | SubTest [TC_LOGIN_INVALID_USER] executing with email='nonexistent_capstone_user_99@test.com'
2026-09-23 12:00:30 | INFO     | [home_page.py:27] | Navigating to Login page from Home page
2026-09-23 12:00:30 | INFO     | [base_page.py:28] | Clicking element: ('xpath', "//a[@title='My Account']")
2026-09-23 12:00:30 | INFO     | [base_page.py:28] | Clicking element: ('link text', 'Login')
2026-09-23 12:00:30 | INFO     | [login_page.py:37] | Attempting login with email: nonexistent_capstone_user_99@test.com
2026-09-23 12:00:30 | INFO     | [base_page.py:40] | Entering text into element ('id', 'input-email')
2026-09-23 12:00:30 | INFO     | [base_page.py:40] | Entering text into element ('id', 'input-password')
2026-09-23 12:00:30 | INFO     | [base_page.py:28] | Clicking element: ('xpath', "//input[@value='Login']")
2026-09-23 12:00:31 | INFO     | [base_page.py:51] | Retrieved text 'Warning: No match for E-Mail Address and/or Password.' from element: ('css selector', '.alert-danger')
2026-09-23 12:00:31 | INFO     | [test_login_unittest.py:48] | SubTest [TC_LOGIN_EMPTY_FIELDS] executing with email=''
2026-09-23 12:00:31 | INFO     | [home_page.py:27] | Navigating to Login page from Home page
2026-09-23 12:00:31 | INFO     | [base_page.py:28] | Clicking element: ('xpath', "//a[@title='My Account']")
2026-09-23 12:00:31 | INFO     | [base_page.py:28] | Clicking element: ('link text', 'Login')
2026-09-23 12:00:31 | INFO     | [login_page.py:37] | Attempting login with email: 
2026-09-23 12:00:31 | INFO     | [base_page.py:40] | Entering text into element ('id', 'input-email')
2026-09-23 12:00:31 | INFO     | [base_page.py:40] | Entering text into element ('id', 'input-password')
2026-09-23 12:00:31 | INFO     | [base_page.py:28] | Clicking element: ('xpath', "//input[@value='Login']")
2026-09-23 12:00:33 | INFO     | [base_page.py:51] | Retrieved text 'Warning: No match for E-Mail Address and/or Password.' from element: ('css selector', '.alert-danger')
2026-09-23 12:00:33 | INFO     | [base_test_case.py:43] | --- Finished Unittest: test_invalid_login_permutations_csv ---
2026-09-23 12:00:33 | INFO     | [base_test_case.py:20] | --- Starting Unittest: test_valid_user_login ---
2026-09-23 12:00:33 | INFO     | [driver_factory.py:26] | Initializing WebDriver for browser='chrome', headless=True
2026-09-23 12:00:33 | INFO     | [driver_factory.py:71] | WebDriver successfully initialized with implicit_wait=10s
2026-09-23 12:00:34 | INFO     | [test_login_unittest.py:19] | Running Unittest: test_valid_user_login
2026-09-23 12:00:34 | INFO     | [home_page.py:27] | Navigating to Login page from Home page
2026-09-23 12:00:34 | INFO     | [base_page.py:28] | Clicking element: ('xpath', "//a[@title='My Account']")
2026-09-23 12:00:34 | INFO     | [base_page.py:28] | Clicking element: ('link text', 'Login')
2026-09-23 12:00:34 | INFO     | [login_page.py:37] | Attempting login with email: selenium_capstone_user@testautomation.com
2026-09-23 12:00:34 | INFO     | [base_page.py:40] | Entering text into element ('id', 'input-email')
2026-09-23 12:00:34 | INFO     | [base_page.py:40] | Entering text into element ('id', 'input-password')
2026-09-23 12:00:34 | INFO     | [base_page.py:28] | Clicking element: ('xpath', "//input[@value='Login']")
2026-09-23 12:00:35 | INFO     | [base_page.py:80] | Current page title: 'My Account'
2026-09-23 12:00:35 | INFO     | [account_page.py:31] | Logging out from Account dashboard
2026-09-23 12:00:35 | INFO     | [base_page.py:28] | Clicking element: ('xpath', "//aside[@id='column-right']//a[text()='Logout']")
2026-09-23 12:00:35 | INFO     | [base_test_case.py:43] | --- Finished Unittest: test_valid_user_login ---
2026-09-23 12:00:36 | INFO     | [base_test_case.py:20] | --- Starting Unittest: test_search_data_driven_csv ---
2026-09-23 12:00:36 | INFO     | [driver_factory.py:26] | Initializing WebDriver for browser='chrome', headless=True
2026-09-23 12:00:36 | INFO     | [driver_factory.py:71] | WebDriver successfully initialized with implicit_wait=10s
2026-09-23 12:00:37 | INFO     | [test_search_unittest.py:36] | Running Unittest: test_search_data_driven_csv
2026-09-23 12:00:37 | INFO     | [csv_utils.py:27] | Loaded 5 rows from CSV: search_data.csv
2026-09-23 12:00:37 | INFO     | [test_search_unittest.py:45] | SubTest search term: 'MacBook'
2026-09-23 12:00:37 | INFO     | [home_page.py:34] | Searching for product: 'MacBook'
2026-09-23 12:00:37 | INFO     | [base_page.py:40] | Entering text into element ('name', 'search')
2026-09-23 12:00:37 | INFO     | [base_page.py:28] | Clicking element: ('css selector', '#search button')
2026-09-23 12:00:37 | INFO     | [search_page.py:26] | Found 3 products in search results: ['MacBook', 'MacBook Air', 'MacBook Pro']
2026-09-23 12:00:37 | INFO     | [search_page.py:33] | Product 'MacBook' presence check: True
2026-09-23 12:00:37 | INFO     | [test_search_unittest.py:45] | SubTest search term: 'iPhone'
2026-09-23 12:00:37 | INFO     | [home_page.py:34] | Searching for product: 'iPhone'
2026-09-23 12:00:37 | INFO     | [base_page.py:40] | Entering text into element ('name', 'search')
2026-09-23 12:00:37 | INFO     | [base_page.py:28] | Clicking element: ('css selector', '#search button')
2026-09-23 12:00:38 | INFO     | [search_page.py:26] | Found 1 products in search results: ['iPhone']
2026-09-23 12:00:38 | INFO     | [search_page.py:33] | Product 'iPhone' presence check: True
2026-09-23 12:00:38 | INFO     | [test_search_unittest.py:45] | SubTest search term: 'Samsung SyncMaster'
2026-09-23 12:00:38 | INFO     | [home_page.py:34] | Searching for product: 'Samsung SyncMaster'
2026-09-23 12:00:38 | INFO     | [base_page.py:40] | Entering text into element ('name', 'search')
2026-09-23 12:00:38 | INFO     | [base_page.py:28] | Clicking element: ('css selector', '#search button')
2026-09-23 12:00:38 | INFO     | [search_page.py:26] | Found 1 products in search results: ['Samsung SyncMaster 941BW']
2026-09-23 12:00:38 | INFO     | [search_page.py:33] | Product 'Samsung SyncMaster 941BW' presence check: True
2026-09-23 12:00:38 | INFO     | [test_search_unittest.py:45] | SubTest search term: 'Samsung Galaxy'
2026-09-23 12:00:38 | INFO     | [home_page.py:34] | Searching for product: 'Samsung Galaxy'
2026-09-23 12:00:38 | INFO     | [base_page.py:40] | Entering text into element ('name', 'search')
2026-09-23 12:00:38 | INFO     | [base_page.py:28] | Clicking element: ('css selector', '#search button')
2026-09-23 12:00:38 | INFO     | [search_page.py:26] | Found 1 products in search results: ['Samsung Galaxy Tab 10.1']
2026-09-23 12:00:38 | INFO     | [search_page.py:33] | Product 'Samsung Galaxy Tab 10.1' presence check: True
2026-09-23 12:00:38 | INFO     | [test_search_unittest.py:45] | SubTest search term: 'NonExistentItem9999'
2026-09-23 12:00:38 | INFO     | [home_page.py:34] | Searching for product: 'NonExistentItem9999'
2026-09-23 12:00:38 | INFO     | [base_page.py:40] | Entering text into element ('name', 'search')
2026-09-23 12:00:38 | INFO     | [base_page.py:28] | Clicking element: ('css selector', '#search button')
2026-09-23 12:00:39 | INFO     | [base_page.py:51] | Retrieved text 'There is no product that matches the search criteria.' from element: ('xpath', "//p[contains(text(), 'There is no product that matches the search criteria.')]")
2026-09-23 12:00:39 | INFO     | [base_test_case.py:43] | --- Finished Unittest: test_search_data_driven_csv ---
2026-09-23 12:00:39 | INFO     | [base_test_case.py:20] | --- Starting Unittest: test_search_for_non_existent_product ---
2026-09-23 12:00:39 | INFO     | [driver_factory.py:26] | Initializing WebDriver for browser='chrome', headless=True
2026-09-23 12:00:39 | INFO     | [driver_factory.py:71] | WebDriver successfully initialized with implicit_wait=10s
2026-09-23 12:00:40 | INFO     | [test_search_unittest.py:27] | Running Unittest: test_search_for_non_existent_product
2026-09-23 12:00:40 | INFO     | [home_page.py:34] | Searching for product: 'NonExistentItem9999'
2026-09-23 12:00:40 | INFO     | [base_page.py:40] | Entering text into element ('name', 'search')
2026-09-23 12:00:40 | INFO     | [base_page.py:28] | Clicking element: ('css selector', '#search button')
2026-09-23 12:00:40 | INFO     | [base_page.py:51] | Retrieved text 'There is no product that matches the search criteria.' from element: ('xpath', "//p[contains(text(), 'There is no product that matches the search criteria.')]")
2026-09-23 12:00:40 | INFO     | [base_test_case.py:43] | --- Finished Unittest: test_search_for_non_existent_product ---
2026-09-23 12:00:40 | INFO     | [base_test_case.py:20] | --- Starting Unittest: test_search_for_valid_product ---
2026-09-23 12:00:40 | INFO     | [driver_factory.py:26] | Initializing WebDriver for browser='chrome', headless=True
2026-09-23 12:00:41 | INFO     | [driver_factory.py:71] | WebDriver successfully initialized with implicit_wait=10s
2026-09-23 12:00:42 | INFO     | [test_search_unittest.py:18] | Running Unittest: test_search_for_valid_product
2026-09-23 12:00:42 | INFO     | [home_page.py:34] | Searching for product: 'MacBook'
2026-09-23 12:00:42 | INFO     | [base_page.py:40] | Entering text into element ('name', 'search')
2026-09-23 12:00:42 | INFO     | [base_page.py:28] | Clicking element: ('css selector', '#search button')
2026-09-23 12:00:42 | INFO     | [search_page.py:26] | Found 3 products in search results: ['MacBook', 'MacBook Air', 'MacBook Pro']
2026-09-23 12:00:42 | INFO     | [search_page.py:33] | Product 'MacBook' presence check: True
2026-09-23 12:00:42 | INFO     | [search_page.py:26] | Found 3 products in search results: ['MacBook', 'MacBook Air', 'MacBook Pro']
2026-09-23 12:00:42 | INFO     | [base_test_case.py:43] | --- Finished Unittest: test_search_for_valid_product ---
2026-09-23 12:05:55 | INFO     | [csv_utils.py:27] | Loaded 4 rows from CSV: login_data.csv
2026-09-23 12:05:55 | INFO     | [csv_utils.py:27] | Loaded 5 rows from CSV: search_data.csv
2026-09-23 12:05:55 | INFO     | [conftest.py:42] | Starting test session with browser=chrome, headless=True
2026-09-23 12:05:55 | INFO     | [driver_factory.py:26] | Initializing WebDriver for browser='chrome', headless=True
2026-09-23 12:05:55 | INFO     | [driver_factory.py:71] | WebDriver successfully initialized with implicit_wait=10s
2026-09-23 12:05:55 | INFO     | [conftest.py:49] | Navigating to application URL: https://tutorialsninja.com/demo/
2026-09-23 12:05:56 | INFO     | [test_login.py:23] | Executing test_valid_login
2026-09-23 12:05:56 | INFO     | [home_page.py:27] | Navigating to Login page from Home page
2026-09-23 12:05:56 | INFO     | [base_page.py:28] | Clicking element: ('xpath', "//a[@title='My Account']")
2026-09-23 12:05:56 | INFO     | [base_page.py:28] | Clicking element: ('link text', 'Login')
2026-09-23 12:05:56 | INFO     | [login_page.py:37] | Attempting login with email: selenium_capstone_user@testautomation.com
2026-09-23 12:05:56 | INFO     | [base_page.py:40] | Entering text into element ('id', 'input-email')
2026-09-23 12:05:56 | INFO     | [base_page.py:40] | Entering text into element ('id', 'input-password')
2026-09-23 12:05:56 | INFO     | [base_page.py:28] | Clicking element: ('xpath', "//input[@value='Login']")
2026-09-23 12:05:58 | INFO     | [base_page.py:80] | Current page title: 'My Account'
2026-09-23 12:05:58 | INFO     | [account_page.py:31] | Logging out from Account dashboard
2026-09-23 12:05:58 | INFO     | [base_page.py:28] | Clicking element: ('xpath', "//aside[@id='column-right']//a[text()='Logout']")
2026-09-23 12:05:58 | INFO     | [test_login.py:39] | test_valid_login passed successfully
2026-09-23 12:05:58 | INFO     | [conftest.py:54] | Tearing down WebDriver session
2026-09-23 12:05:58 | INFO     | [conftest.py:42] | Starting test session with browser=chrome, headless=True
2026-09-23 12:05:58 | INFO     | [driver_factory.py:26] | Initializing WebDriver for browser='chrome', headless=True
2026-09-23 12:05:59 | INFO     | [driver_factory.py:71] | WebDriver successfully initialized with implicit_wait=10s
2026-09-23 12:05:59 | INFO     | [conftest.py:49] | Navigating to application URL: https://tutorialsninja.com/demo/
2026-09-23 12:06:00 | INFO     | [test_login.py:54] | Executing TC_LOGIN_VALID | Outcome expected: success
2026-09-23 12:06:00 | INFO     | [home_page.py:27] | Navigating to Login page from Home page
2026-09-23 12:06:00 | INFO     | [base_page.py:28] | Clicking element: ('xpath', "//a[@title='My Account']")
2026-09-23 12:06:00 | INFO     | [base_page.py:28] | Clicking element: ('link text', 'Login')
2026-09-23 12:06:00 | INFO     | [login_page.py:37] | Attempting login with email: selenium_capstone_user@testautomation.com
2026-09-23 12:06:00 | INFO     | [base_page.py:40] | Entering text into element ('id', 'input-email')
2026-09-23 12:06:00 | INFO     | [base_page.py:40] | Entering text into element ('id', 'input-password')
2026-09-23 12:06:00 | INFO     | [base_page.py:28] | Clicking element: ('xpath', "//input[@value='Login']")
2026-09-23 12:06:02 | INFO     | [account_page.py:31] | Logging out from Account dashboard
2026-09-23 12:06:02 | INFO     | [base_page.py:28] | Clicking element: ('xpath', "//aside[@id='column-right']//a[text()='Logout']")
2026-09-23 12:06:02 | INFO     | [test_login.py:68] | TC_LOGIN_VALID completed successfully
2026-09-23 12:06:02 | INFO     | [conftest.py:54] | Tearing down WebDriver session
2026-09-23 12:06:02 | INFO     | [conftest.py:42] | Starting test session with browser=chrome, headless=True
2026-09-23 12:06:02 | INFO     | [driver_factory.py:26] | Initializing WebDriver for browser='chrome', headless=True
2026-09-23 12:06:03 | INFO     | [driver_factory.py:71] | WebDriver successfully initialized with implicit_wait=10s
2026-09-23 12:06:03 | INFO     | [conftest.py:49] | Navigating to application URL: https://tutorialsninja.com/demo/
2026-09-23 12:06:03 | INFO     | [test_login.py:54] | Executing TC_LOGIN_INVALID_PWD | Outcome expected: failure
2026-09-23 12:06:04 | INFO     | [home_page.py:27] | Navigating to Login page from Home page
2026-09-23 12:06:04 | INFO     | [base_page.py:28] | Clicking element: ('xpath', "//a[@title='My Account']")
2026-09-23 12:06:04 | INFO     | [base_page.py:28] | Clicking element: ('link text', 'Login')
2026-09-23 12:06:04 | INFO     | [login_page.py:37] | Attempting login with email: selenium_capstone_user@testautomation.com
2026-09-23 12:06:04 | INFO     | [base_page.py:40] | Entering text into element ('id', 'input-email')
2026-09-23 12:06:04 | INFO     | [base_page.py:40] | Entering text into element ('id', 'input-password')
2026-09-23 12:06:04 | INFO     | [base_page.py:28] | Clicking element: ('xpath', "//input[@value='Login']")
2026-09-23 12:06:05 | INFO     | [base_page.py:51] | Retrieved text 'Warning: No match for E-Mail Address and/or Password.' from element: ('css selector', '.alert-danger')
2026-09-23 12:06:05 | INFO     | [test_login.py:68] | TC_LOGIN_INVALID_PWD completed successfully
2026-09-23 12:06:05 | INFO     | [conftest.py:54] | Tearing down WebDriver session
2026-09-23 12:06:05 | INFO     | [conftest.py:42] | Starting test session with browser=chrome, headless=True
2026-09-23 12:06:05 | INFO     | [driver_factory.py:26] | Initializing WebDriver for browser='chrome', headless=True
2026-09-23 12:06:05 | INFO     | [driver_factory.py:71] | WebDriver successfully initialized with implicit_wait=10s
2026-09-23 12:06:05 | INFO     | [conftest.py:49] | Navigating to application URL: https://tutorialsninja.com/demo/
2026-09-23 12:06:06 | INFO     | [test_login.py:54] | Executing TC_LOGIN_INVALID_USER | Outcome expected: failure
2026-09-23 12:06:06 | INFO     | [home_page.py:27] | Navigating to Login page from Home page
2026-09-23 12:06:06 | INFO     | [base_page.py:28] | Clicking element: ('xpath', "//a[@title='My Account']")
2026-09-23 12:06:06 | INFO     | [base_page.py:28] | Clicking element: ('link text', 'Login')
2026-09-23 12:06:06 | INFO     | [login_page.py:37] | Attempting login with email: nonexistent_capstone_user_99@test.com
2026-09-23 12:06:06 | INFO     | [base_page.py:40] | Entering text into element ('id', 'input-email')
2026-09-23 12:06:06 | INFO     | [base_page.py:40] | Entering text into element ('id', 'input-password')
2026-09-23 12:06:06 | INFO     | [base_page.py:28] | Clicking element: ('xpath', "//input[@value='Login']")
2026-09-23 12:06:07 | INFO     | [base_page.py:51] | Retrieved text 'Warning: No match for E-Mail Address and/or Password.' from element: ('css selector', '.alert-danger')
2026-09-23 12:06:07 | INFO     | [test_login.py:68] | TC_LOGIN_INVALID_USER completed successfully
2026-09-23 12:06:07 | INFO     | [conftest.py:54] | Tearing down WebDriver session
2026-09-23 12:06:07 | INFO     | [conftest.py:42] | Starting test session with browser=chrome, headless=True
2026-09-23 12:06:07 | INFO     | [driver_factory.py:26] | Initializing WebDriver for browser='chrome', headless=True
2026-09-23 12:06:08 | INFO     | [driver_factory.py:71] | WebDriver successfully initialized with implicit_wait=10s
2026-09-23 12:06:08 | INFO     | [conftest.py:49] | Navigating to application URL: https://tutorialsninja.com/demo/
2026-09-23 12:06:09 | INFO     | [test_login.py:54] | Executing TC_LOGIN_EMPTY_FIELDS | Outcome expected: failure
2026-09-23 12:06:09 | INFO     | [home_page.py:27] | Navigating to Login page from Home page
2026-09-23 12:06:09 | INFO     | [base_page.py:28] | Clicking element: ('xpath', "//a[@title='My Account']")
2026-09-23 12:06:09 | INFO     | [base_page.py:28] | Clicking element: ('link text', 'Login')
2026-09-23 12:06:09 | INFO     | [login_page.py:37] | Attempting login with email: 
2026-09-23 12:06:09 | INFO     | [base_page.py:40] | Entering text into element ('id', 'input-email')
2026-09-23 12:06:09 | INFO     | [base_page.py:40] | Entering text into element ('id', 'input-password')
2026-09-23 12:06:09 | INFO     | [base_page.py:28] | Clicking element: ('xpath', "//input[@value='Login']")
2026-09-23 12:06:10 | INFO     | [base_page.py:51] | Retrieved text 'Warning: No match for E-Mail Address and/or Password.' from element: ('css selector', '.alert-danger')
2026-09-23 12:06:10 | INFO     | [test_login.py:68] | TC_LOGIN_EMPTY_FIELDS completed successfully
2026-09-23 12:06:10 | INFO     | [conftest.py:54] | Tearing down WebDriver session
2026-09-23 12:06:10 | INFO     | [conftest.py:42] | Starting test session with browser=chrome, headless=True
2026-09-23 12:06:10 | INFO     | [driver_factory.py:26] | Initializing WebDriver for browser='chrome', headless=True
2026-09-23 12:06:11 | INFO     | [driver_factory.py:71] | WebDriver successfully initialized with implicit_wait=10s
2026-09-23 12:06:11 | INFO     | [conftest.py:49] | Navigating to application URL: https://tutorialsninja.com/demo/
2026-09-23 12:06:12 | INFO     | [test_search.py:23] | Executing test_search_existing_product for 'MacBook'
2026-09-23 12:06:12 | INFO     | [home_page.py:34] | Searching for product: 'MacBook'
2026-09-23 12:06:12 | INFO     | [base_page.py:40] | Entering text into element ('name', 'search')
2026-09-23 12:06:12 | INFO     | [base_page.py:28] | Clicking element: ('css selector', '#search button')
2026-09-23 12:06:12 | INFO     | [search_page.py:26] | Found 3 products in search results: ['MacBook', 'MacBook Air', 'MacBook Pro']
2026-09-23 12:06:12 | INFO     | [search_page.py:26] | Found 3 products in search results: ['MacBook', 'MacBook Air', 'MacBook Pro']
2026-09-23 12:06:12 | INFO     | [search_page.py:33] | Product 'MacBook' presence check: True
2026-09-23 12:06:12 | INFO     | [test_search.py:30] | test_search_existing_product passed successfully
2026-09-23 12:06:12 | INFO     | [conftest.py:54] | Tearing down WebDriver session
2026-09-23 12:06:12 | INFO     | [conftest.py:42] | Starting test session with browser=chrome, headless=True
2026-09-23 12:06:12 | INFO     | [driver_factory.py:26] | Initializing WebDriver for browser='chrome', headless=True
2026-09-23 12:06:12 | INFO     | [driver_factory.py:71] | WebDriver successfully initialized with implicit_wait=10s
2026-09-23 12:06:12 | INFO     | [conftest.py:49] | Navigating to application URL: https://tutorialsninja.com/demo/
2026-09-23 12:06:13 | INFO     | [test_search.py:38] | Executing test_search_non_existent_product for 'XYZNonExistentDevice999'
2026-09-23 12:06:13 | INFO     | [home_page.py:34] | Searching for product: 'XYZNonExistentDevice999'
2026-09-23 12:06:13 | INFO     | [base_page.py:40] | Entering text into element ('name', 'search')
2026-09-23 12:06:13 | INFO     | [base_page.py:28] | Clicking element: ('css selector', '#search button')
2026-09-23 12:06:14 | INFO     | [base_page.py:51] | Retrieved text 'There is no product that matches the search criteria.' from element: ('xpath', "//p[contains(text(), 'There is no product that matches the search criteria.')]")
2026-09-23 12:06:14 | INFO     | [test_search.py:45] | test_search_non_existent_product passed successfully
2026-09-23 12:06:14 | INFO     | [conftest.py:54] | Tearing down WebDriver session
2026-09-23 12:06:14 | INFO     | [conftest.py:42] | Starting test session with browser=chrome, headless=True
2026-09-23 12:06:14 | INFO     | [driver_factory.py:26] | Initializing WebDriver for browser='chrome', headless=True
2026-09-23 12:06:14 | INFO     | [driver_factory.py:71] | WebDriver successfully initialized with implicit_wait=10s
2026-09-23 12:06:14 | INFO     | [conftest.py:49] | Navigating to application URL: https://tutorialsninja.com/demo/
2026-09-23 12:06:15 | INFO     | [test_search.py:60] | Executing data-driven search for 'MacBook', expecting status: found
2026-09-23 12:06:15 | INFO     | [home_page.py:34] | Searching for product: 'MacBook'
2026-09-23 12:06:15 | INFO     | [base_page.py:40] | Entering text into element ('name', 'search')
2026-09-23 12:06:15 | INFO     | [base_page.py:28] | Clicking element: ('css selector', '#search button')
2026-09-23 12:06:15 | INFO     | [search_page.py:26] | Found 3 products in search results: ['MacBook', 'MacBook Air', 'MacBook Pro']
2026-09-23 12:06:15 | INFO     | [search_page.py:33] | Product 'MacBook' presence check: True
2026-09-23 12:06:15 | INFO     | [test_search.py:77] | Data-driven search test for 'MacBook' passed
2026-09-23 12:06:15 | INFO     | [conftest.py:54] | Tearing down WebDriver session
2026-09-23 12:06:15 | INFO     | [conftest.py:42] | Starting test session with browser=chrome, headless=True
2026-09-23 12:06:15 | INFO     | [driver_factory.py:26] | Initializing WebDriver for browser='chrome', headless=True
2026-09-23 12:06:16 | INFO     | [driver_factory.py:71] | WebDriver successfully initialized with implicit_wait=10s
2026-09-23 12:06:16 | INFO     | [conftest.py:49] | Navigating to application URL: https://tutorialsninja.com/demo/
2026-09-23 12:06:17 | INFO     | [test_search.py:60] | Executing data-driven search for 'iPhone', expecting status: found
2026-09-23 12:06:17 | INFO     | [home_page.py:34] | Searching for product: 'iPhone'
2026-09-23 12:06:17 | INFO     | [base_page.py:40] | Entering text into element ('name', 'search')
2026-09-23 12:06:17 | INFO     | [base_page.py:28] | Clicking element: ('css selector', '#search button')
2026-09-23 12:06:17 | INFO     | [search_page.py:26] | Found 1 products in search results: ['iPhone']
2026-09-23 12:06:17 | INFO     | [search_page.py:33] | Product 'iPhone' presence check: True
2026-09-23 12:06:17 | INFO     | [test_search.py:77] | Data-driven search test for 'iPhone' passed
2026-09-23 12:06:17 | INFO     | [conftest.py:54] | Tearing down WebDriver session
2026-09-23 12:06:17 | INFO     | [conftest.py:42] | Starting test session with browser=chrome, headless=True
2026-09-23 12:06:17 | INFO     | [driver_factory.py:26] | Initializing WebDriver for browser='chrome', headless=True
2026-09-23 12:06:17 | INFO     | [driver_factory.py:71] | WebDriver successfully initialized with implicit_wait=10s
2026-09-23 12:06:17 | INFO     | [conftest.py:49] | Navigating to application URL: https://tutorialsninja.com/demo/
2026-09-23 12:06:18 | INFO     | [test_search.py:60] | Executing data-driven search for 'Samsung SyncMaster', expecting status: found
2026-09-23 12:06:18 | INFO     | [home_page.py:34] | Searching for product: 'Samsung SyncMaster'
2026-09-23 12:06:18 | INFO     | [base_page.py:40] | Entering text into element ('name', 'search')
2026-09-23 12:06:18 | INFO     | [base_page.py:28] | Clicking element: ('css selector', '#search button')
2026-09-23 12:06:19 | INFO     | [search_page.py:26] | Found 1 products in search results: ['Samsung SyncMaster 941BW']
2026-09-23 12:06:19 | INFO     | [search_page.py:33] | Product 'Samsung SyncMaster 941BW' presence check: True
2026-09-23 12:06:19 | INFO     | [test_search.py:77] | Data-driven search test for 'Samsung SyncMaster' passed
2026-09-23 12:06:19 | INFO     | [conftest.py:54] | Tearing down WebDriver session
2026-09-23 12:06:19 | INFO     | [conftest.py:42] | Starting test session with browser=chrome, headless=True
2026-09-23 12:06:19 | INFO     | [driver_factory.py:26] | Initializing WebDriver for browser='chrome', headless=True
2026-09-23 12:06:19 | INFO     | [driver_factory.py:71] | WebDriver successfully initialized with implicit_wait=10s
2026-09-23 12:06:19 | INFO     | [conftest.py:49] | Navigating to application URL: https://tutorialsninja.com/demo/
2026-09-23 12:06:20 | INFO     | [test_search.py:60] | Executing data-driven search for 'Samsung Galaxy', expecting status: found
2026-09-23 12:06:20 | INFO     | [home_page.py:34] | Searching for product: 'Samsung Galaxy'
2026-09-23 12:06:20 | INFO     | [base_page.py:40] | Entering text into element ('name', 'search')
2026-09-23 12:06:20 | INFO     | [base_page.py:28] | Clicking element: ('css selector', '#search button')
2026-09-23 12:06:20 | INFO     | [search_page.py:26] | Found 1 products in search results: ['Samsung Galaxy Tab 10.1']
2026-09-23 12:06:20 | INFO     | [search_page.py:33] | Product 'Samsung Galaxy Tab 10.1' presence check: True
2026-09-23 12:06:20 | INFO     | [test_search.py:77] | Data-driven search test for 'Samsung Galaxy' passed
2026-09-23 12:06:20 | INFO     | [conftest.py:54] | Tearing down WebDriver session
2026-09-23 12:06:20 | INFO     | [conftest.py:42] | Starting test session with browser=chrome, headless=True
2026-09-23 12:06:20 | INFO     | [driver_factory.py:26] | Initializing WebDriver for browser='chrome', headless=True
2026-09-23 12:06:21 | INFO     | [driver_factory.py:71] | WebDriver successfully initialized with implicit_wait=10s
2026-09-23 12:06:21 | INFO     | [conftest.py:49] | Navigating to application URL: https://tutorialsninja.com/demo/
2026-09-23 12:06:22 | INFO     | [test_search.py:60] | Executing data-driven search for 'NonExistentItem9999', expecting status: not_found
2026-09-23 12:06:22 | INFO     | [home_page.py:34] | Searching for product: 'NonExistentItem9999'
2026-09-23 12:06:22 | INFO     | [base_page.py:40] | Entering text into element ('name', 'search')
2026-09-23 12:06:22 | INFO     | [base_page.py:28] | Clicking element: ('css selector', '#search button')
2026-09-23 12:06:22 | INFO     | [base_page.py:51] | Retrieved text 'There is no product that matches the search criteria.' from element: ('xpath', "//p[contains(text(), 'There is no product that matches the search criteria.')]")
2026-09-23 12:06:22 | INFO     | [test_search.py:77] | Data-driven search test for 'NonExistentItem9999' passed
2026-09-23 12:06:22 | INFO     | [conftest.py:54] | Tearing down WebDriver session
2026-09-23 12:06:22 | INFO     | [base_test_case.py:20] | --- Starting Unittest: test_invalid_login_permutations_csv ---
2026-09-23 12:06:22 | INFO     | [driver_factory.py:26] | Initializing WebDriver for browser='chrome', headless=True
2026-09-23 12:06:22 | INFO     | [driver_factory.py:71] | WebDriver successfully initialized with implicit_wait=10s
2026-09-23 12:06:24 | INFO     | [test_login_unittest.py:37] | Running Unittest: test_invalid_login_permutations_csv
2026-09-23 12:06:24 | INFO     | [csv_utils.py:27] | Loaded 4 rows from CSV: login_data.csv
2026-09-23 12:06:24 | INFO     | [test_login_unittest.py:48] | SubTest [TC_LOGIN_VALID] executing with email='selenium_capstone_user@testautomation.com'
2026-09-23 12:06:24 | INFO     | [home_page.py:27] | Navigating to Login page from Home page
2026-09-23 12:06:24 | INFO     | [base_page.py:28] | Clicking element: ('xpath', "//a[@title='My Account']")
2026-09-23 12:06:24 | INFO     | [base_page.py:28] | Clicking element: ('link text', 'Login')
2026-09-23 12:06:24 | INFO     | [login_page.py:37] | Attempting login with email: selenium_capstone_user@testautomation.com
2026-09-23 12:06:24 | INFO     | [base_page.py:40] | Entering text into element ('id', 'input-email')
2026-09-23 12:06:24 | INFO     | [base_page.py:40] | Entering text into element ('id', 'input-password')
2026-09-23 12:06:24 | INFO     | [base_page.py:28] | Clicking element: ('xpath', "//input[@value='Login']")
2026-09-23 12:06:25 | INFO     | [account_page.py:31] | Logging out from Account dashboard
2026-09-23 12:06:25 | INFO     | [base_page.py:28] | Clicking element: ('xpath', "//aside[@id='column-right']//a[text()='Logout']")
2026-09-23 12:06:25 | INFO     | [test_login_unittest.py:48] | SubTest [TC_LOGIN_INVALID_PWD] executing with email='selenium_capstone_user@testautomation.com'
2026-09-23 12:06:25 | INFO     | [home_page.py:27] | Navigating to Login page from Home page
2026-09-23 12:06:25 | INFO     | [base_page.py:28] | Clicking element: ('xpath', "//a[@title='My Account']")
2026-09-23 12:06:25 | INFO     | [base_page.py:28] | Clicking element: ('link text', 'Login')
2026-09-23 12:06:25 | INFO     | [login_page.py:37] | Attempting login with email: selenium_capstone_user@testautomation.com
2026-09-23 12:06:25 | INFO     | [base_page.py:40] | Entering text into element ('id', 'input-email')
2026-09-23 12:06:25 | INFO     | [base_page.py:40] | Entering text into element ('id', 'input-password')
2026-09-23 12:06:25 | INFO     | [base_page.py:28] | Clicking element: ('xpath', "//input[@value='Login']")
2026-09-23 12:06:26 | INFO     | [base_page.py:51] | Retrieved text 'Warning: No match for E-Mail Address and/or Password.' from element: ('css selector', '.alert-danger')
2026-09-23 12:06:26 | INFO     | [test_login_unittest.py:48] | SubTest [TC_LOGIN_INVALID_USER] executing with email='nonexistent_capstone_user_99@test.com'
2026-09-23 12:06:26 | INFO     | [home_page.py:27] | Navigating to Login page from Home page
2026-09-23 12:06:26 | INFO     | [base_page.py:28] | Clicking element: ('xpath', "//a[@title='My Account']")
2026-09-23 12:06:26 | INFO     | [base_page.py:28] | Clicking element: ('link text', 'Login')
2026-09-23 12:06:26 | INFO     | [login_page.py:37] | Attempting login with email: nonexistent_capstone_user_99@test.com
2026-09-23 12:06:26 | INFO     | [base_page.py:40] | Entering text into element ('id', 'input-email')
2026-09-23 12:06:26 | INFO     | [base_page.py:40] | Entering text into element ('id', 'input-password')
2026-09-23 12:06:26 | INFO     | [base_page.py:28] | Clicking element: ('xpath', "//input[@value='Login']")
2026-09-23 12:06:27 | INFO     | [base_page.py:51] | Retrieved text 'Warning: No match for E-Mail Address and/or Password.' from element: ('css selector', '.alert-danger')
2026-09-23 12:06:27 | INFO     | [test_login_unittest.py:48] | SubTest [TC_LOGIN_EMPTY_FIELDS] executing with email=''
2026-09-23 12:06:27 | INFO     | [home_page.py:27] | Navigating to Login page from Home page
2026-09-23 12:06:27 | INFO     | [base_page.py:28] | Clicking element: ('xpath', "//a[@title='My Account']")
2026-09-23 12:06:27 | INFO     | [base_page.py:28] | Clicking element: ('link text', 'Login')
2026-09-23 12:06:27 | INFO     | [login_page.py:37] | Attempting login with email: 
2026-09-23 12:06:27 | INFO     | [base_page.py:40] | Entering text into element ('id', 'input-email')
2026-09-23 12:06:28 | INFO     | [base_page.py:40] | Entering text into element ('id', 'input-password')
2026-09-23 12:06:28 | INFO     | [base_page.py:28] | Clicking element: ('xpath', "//input[@value='Login']")
2026-09-23 12:06:29 | INFO     | [base_page.py:51] | Retrieved text 'Warning: No match for E-Mail Address and/or Password.' from element: ('css selector', '.alert-danger')
2026-09-23 12:06:29 | INFO     | [base_test_case.py:43] | --- Finished Unittest: test_invalid_login_permutations_csv ---
2026-09-23 12:06:29 | INFO     | [base_test_case.py:20] | --- Starting Unittest: test_valid_user_login ---
2026-09-23 12:06:29 | INFO     | [driver_factory.py:26] | Initializing WebDriver for browser='chrome', headless=True
2026-09-23 12:06:29 | INFO     | [driver_factory.py:71] | WebDriver successfully initialized with implicit_wait=10s
2026-09-23 12:06:30 | INFO     | [test_login_unittest.py:19] | Running Unittest: test_valid_user_login
2026-09-23 12:06:30 | INFO     | [home_page.py:27] | Navigating to Login page from Home page
2026-09-23 12:06:30 | INFO     | [base_page.py:28] | Clicking element: ('xpath', "//a[@title='My Account']")
2026-09-23 12:06:30 | INFO     | [base_page.py:28] | Clicking element: ('link text', 'Login')
2026-09-23 12:06:30 | INFO     | [login_page.py:37] | Attempting login with email: selenium_capstone_user@testautomation.com
2026-09-23 12:06:30 | INFO     | [base_page.py:40] | Entering text into element ('id', 'input-email')
2026-09-23 12:06:30 | INFO     | [base_page.py:40] | Entering text into element ('id', 'input-password')
2026-09-23 12:06:30 | INFO     | [base_page.py:28] | Clicking element: ('xpath', "//input[@value='Login']")
2026-09-23 12:06:31 | INFO     | [base_page.py:80] | Current page title: 'My Account'
2026-09-23 12:06:31 | INFO     | [account_page.py:31] | Logging out from Account dashboard
2026-09-23 12:06:31 | INFO     | [base_page.py:28] | Clicking element: ('xpath', "//aside[@id='column-right']//a[text()='Logout']")
2026-09-23 12:06:32 | INFO     | [base_test_case.py:43] | --- Finished Unittest: test_valid_user_login ---
2026-09-23 12:06:32 | INFO     | [base_test_case.py:20] | --- Starting Unittest: test_search_data_driven_csv ---
2026-09-23 12:06:32 | INFO     | [driver_factory.py:26] | Initializing WebDriver for browser='chrome', headless=True
2026-09-23 12:06:32 | INFO     | [driver_factory.py:71] | WebDriver successfully initialized with implicit_wait=10s
2026-09-23 12:06:33 | INFO     | [test_search_unittest.py:36] | Running Unittest: test_search_data_driven_csv
2026-09-23 12:06:33 | INFO     | [csv_utils.py:27] | Loaded 5 rows from CSV: search_data.csv
2026-09-23 12:06:33 | INFO     | [test_search_unittest.py:45] | SubTest search term: 'MacBook'
2026-09-23 12:06:33 | INFO     | [home_page.py:34] | Searching for product: 'MacBook'
2026-09-23 12:06:33 | INFO     | [base_page.py:40] | Entering text into element ('name', 'search')
2026-09-23 12:06:33 | INFO     | [base_page.py:28] | Clicking element: ('css selector', '#search button')
2026-09-23 12:06:33 | INFO     | [search_page.py:26] | Found 3 products in search results: ['MacBook', 'MacBook Air', 'MacBook Pro']
2026-09-23 12:06:33 | INFO     | [search_page.py:33] | Product 'MacBook' presence check: True
2026-09-23 12:06:33 | INFO     | [test_search_unittest.py:45] | SubTest search term: 'iPhone'
2026-09-23 12:06:33 | INFO     | [home_page.py:34] | Searching for product: 'iPhone'
2026-09-23 12:06:33 | INFO     | [base_page.py:40] | Entering text into element ('name', 'search')
2026-09-23 12:06:33 | INFO     | [base_page.py:28] | Clicking element: ('css selector', '#search button')
2026-09-23 12:06:34 | INFO     | [search_page.py:26] | Found 1 products in search results: ['iPhone']
2026-09-23 12:06:34 | INFO     | [search_page.py:33] | Product 'iPhone' presence check: True
2026-09-23 12:06:34 | INFO     | [test_search_unittest.py:45] | SubTest search term: 'Samsung SyncMaster'
2026-09-23 12:06:34 | INFO     | [home_page.py:34] | Searching for product: 'Samsung SyncMaster'
2026-09-23 12:06:34 | INFO     | [base_page.py:40] | Entering text into element ('name', 'search')
2026-09-23 12:06:34 | INFO     | [base_page.py:28] | Clicking element: ('css selector', '#search button')
2026-09-23 12:06:34 | INFO     | [search_page.py:26] | Found 1 products in search results: ['Samsung SyncMaster 941BW']
2026-09-23 12:06:34 | INFO     | [search_page.py:33] | Product 'Samsung SyncMaster 941BW' presence check: True
2026-09-23 12:06:34 | INFO     | [test_search_unittest.py:45] | SubTest search term: 'Samsung Galaxy'
2026-09-23 12:06:34 | INFO     | [home_page.py:34] | Searching for product: 'Samsung Galaxy'
2026-09-23 12:06:34 | INFO     | [base_page.py:40] | Entering text into element ('name', 'search')
2026-09-23 12:06:34 | INFO     | [base_page.py:28] | Clicking element: ('css selector', '#search button')
2026-09-23 12:06:34 | INFO     | [search_page.py:26] | Found 1 products in search results: ['Samsung Galaxy Tab 10.1']
2026-09-23 12:06:34 | INFO     | [search_page.py:33] | Product 'Samsung Galaxy Tab 10.1' presence check: True
2026-09-23 12:06:34 | INFO     | [test_search_unittest.py:45] | SubTest search term: 'NonExistentItem9999'
2026-09-23 12:06:34 | INFO     | [home_page.py:34] | Searching for product: 'NonExistentItem9999'
2026-09-23 12:06:34 | INFO     | [base_page.py:40] | Entering text into element ('name', 'search')
2026-09-23 12:06:34 | INFO     | [base_page.py:28] | Clicking element: ('css selector', '#search button')
2026-09-23 12:06:34 | INFO     | [base_page.py:51] | Retrieved text 'There is no product that matches the search criteria.' from element: ('xpath', "//p[contains(text(), 'There is no product that matches the search criteria.')]")
2026-09-23 12:06:34 | INFO     | [base_test_case.py:43] | --- Finished Unittest: test_search_data_driven_csv ---
2026-09-23 12:06:34 | INFO     | [base_test_case.py:20] | --- Starting Unittest: test_search_for_non_existent_product ---
2026-09-23 12:06:34 | INFO     | [driver_factory.py:26] | Initializing WebDriver for browser='chrome', headless=True
2026-09-23 12:06:35 | INFO     | [driver_factory.py:71] | WebDriver successfully initialized with implicit_wait=10s
2026-09-23 12:06:36 | INFO     | [test_search_unittest.py:27] | Running Unittest: test_search_for_non_existent_product
2026-09-23 12:06:36 | INFO     | [home_page.py:34] | Searching for product: 'NonExistentItem9999'
2026-09-23 12:06:36 | INFO     | [base_page.py:40] | Entering text into element ('name', 'search')
2026-09-23 12:06:36 | INFO     | [base_page.py:28] | Clicking element: ('css selector', '#search button')
2026-09-23 12:06:36 | INFO     | [base_page.py:51] | Retrieved text 'There is no product that matches the search criteria.' from element: ('xpath', "//p[contains(text(), 'There is no product that matches the search criteria.')]")
2026-09-23 12:06:36 | INFO     | [base_test_case.py:43] | --- Finished Unittest: test_search_for_non_existent_product ---
2026-09-23 12:06:36 | INFO     | [base_test_case.py:20] | --- Starting Unittest: test_search_for_valid_product ---
2026-09-23 12:06:36 | INFO     | [driver_factory.py:26] | Initializing WebDriver for browser='chrome', headless=True
2026-09-23 12:06:36 | INFO     | [driver_factory.py:71] | WebDriver successfully initialized with implicit_wait=10s
2026-09-23 12:06:37 | INFO     | [test_search_unittest.py:18] | Running Unittest: test_search_for_valid_product
2026-09-23 12:06:37 | INFO     | [home_page.py:34] | Searching for product: 'MacBook'
2026-09-23 12:06:37 | INFO     | [base_page.py:40] | Entering text into element ('name', 'search')
2026-09-23 12:06:38 | INFO     | [base_page.py:28] | Clicking element: ('css selector', '#search button')
2026-09-23 12:06:38 | INFO     | [search_page.py:26] | Found 3 products in search results: ['MacBook', 'MacBook Air', 'MacBook Pro']
2026-09-23 12:06:38 | INFO     | [search_page.py:33] | Product 'MacBook' presence check: True
2026-09-23 12:06:38 | INFO     | [search_page.py:26] | Found 3 products in search results: ['MacBook', 'MacBook Air', 'MacBook Pro']
2026-09-23 12:06:38 | INFO     | [base_test_case.py:43] | --- Finished Unittest: test_search_for_valid_product ---
2026-09-23 12:17:33 | INFO     | [csv_utils.py:27] | Loaded 4 rows from CSV: login_data.csv
2026-09-23 12:17:33 | INFO     | [csv_utils.py:27] | Loaded 5 rows from CSV: search_data.csv
2026-09-23 12:17:33 | INFO     | [conftest.py:42] | Starting test session with browser=chrome, headless=True
2026-09-23 12:17:33 | INFO     | [driver_factory.py:26] | Initializing WebDriver for browser='chrome', headless=True
2026-09-23 12:17:34 | INFO     | [driver_factory.py:71] | WebDriver successfully initialized with implicit_wait=10s
2026-09-23 12:17:34 | INFO     | [conftest.py:49] | Navigating to application URL: https://tutorialsninja.com/demo/
2026-09-23 12:17:35 | INFO     | [test_login.py:23] | Executing test_valid_login
2026-09-23 12:17:35 | INFO     | [home_page.py:27] | Navigating to Login page from Home page
2026-09-23 12:17:35 | INFO     | [base_page.py:28] | Clicking element: ('xpath', "//a[@title='My Account']")
2026-09-23 12:17:35 | INFO     | [base_page.py:28] | Clicking element: ('link text', 'Login')
2026-09-23 12:17:36 | INFO     | [login_page.py:37] | Attempting login with email: selenium_capstone_user@testautomation.com
2026-09-23 12:17:36 | INFO     | [base_page.py:40] | Entering text into element ('id', 'input-email')
2026-09-23 12:17:36 | INFO     | [base_page.py:40] | Entering text into element ('id', 'input-password')
2026-09-23 12:17:36 | INFO     | [base_page.py:28] | Clicking element: ('xpath', "//input[@value='Login']")
2026-09-23 12:17:37 | INFO     | [base_page.py:80] | Current page title: 'My Account'
2026-09-23 12:17:37 | INFO     | [account_page.py:31] | Logging out from Account dashboard
2026-09-23 12:17:37 | INFO     | [base_page.py:28] | Clicking element: ('xpath', "//aside[@id='column-right']//a[text()='Logout']")
2026-09-23 12:17:38 | INFO     | [test_login.py:39] | test_valid_login passed successfully
2026-09-23 12:17:38 | INFO     | [conftest.py:54] | Tearing down WebDriver session
2026-09-23 12:17:38 | INFO     | [conftest.py:42] | Starting test session with browser=chrome, headless=True
2026-09-23 12:17:38 | INFO     | [driver_factory.py:26] | Initializing WebDriver for browser='chrome', headless=True
2026-09-23 12:17:38 | INFO     | [driver_factory.py:71] | WebDriver successfully initialized with implicit_wait=10s
2026-09-23 12:17:38 | INFO     | [conftest.py:49] | Navigating to application URL: https://tutorialsninja.com/demo/
2026-09-23 12:17:39 | INFO     | [test_login.py:54] | Executing TC_LOGIN_VALID | Outcome expected: success
2026-09-23 12:17:39 | INFO     | [home_page.py:27] | Navigating to Login page from Home page
2026-09-23 12:17:39 | INFO     | [base_page.py:28] | Clicking element: ('xpath', "//a[@title='My Account']")
2026-09-23 12:17:39 | INFO     | [base_page.py:28] | Clicking element: ('link text', 'Login')
2026-09-23 12:17:39 | INFO     | [login_page.py:37] | Attempting login with email: selenium_capstone_user@testautomation.com
2026-09-23 12:17:39 | INFO     | [base_page.py:40] | Entering text into element ('id', 'input-email')
2026-09-23 12:17:39 | INFO     | [base_page.py:40] | Entering text into element ('id', 'input-password')
2026-09-23 12:17:39 | INFO     | [base_page.py:28] | Clicking element: ('xpath', "//input[@value='Login']")
2026-09-23 12:17:40 | INFO     | [account_page.py:31] | Logging out from Account dashboard
2026-09-23 12:17:40 | INFO     | [base_page.py:28] | Clicking element: ('xpath', "//aside[@id='column-right']//a[text()='Logout']")
2026-09-23 12:17:40 | INFO     | [test_login.py:68] | TC_LOGIN_VALID completed successfully
2026-09-23 12:17:40 | INFO     | [conftest.py:54] | Tearing down WebDriver session
2026-09-23 12:17:41 | INFO     | [conftest.py:42] | Starting test session with browser=chrome, headless=True
2026-09-23 12:17:41 | INFO     | [driver_factory.py:26] | Initializing WebDriver for browser='chrome', headless=True
2026-09-23 12:17:41 | INFO     | [driver_factory.py:71] | WebDriver successfully initialized with implicit_wait=10s
2026-09-23 12:17:41 | INFO     | [conftest.py:49] | Navigating to application URL: https://tutorialsninja.com/demo/
2026-09-23 12:17:42 | INFO     | [test_login.py:54] | Executing TC_LOGIN_INVALID_PWD | Outcome expected: failure
2026-09-23 12:17:42 | INFO     | [home_page.py:27] | Navigating to Login page from Home page
2026-09-23 12:17:42 | INFO     | [base_page.py:28] | Clicking element: ('xpath', "//a[@title='My Account']")
2026-09-23 12:17:42 | INFO     | [base_page.py:28] | Clicking element: ('link text', 'Login')
2026-09-23 12:17:42 | INFO     | [login_page.py:37] | Attempting login with email: selenium_capstone_user@testautomation.com
2026-09-23 12:17:42 | INFO     | [base_page.py:40] | Entering text into element ('id', 'input-email')
2026-09-23 12:17:42 | INFO     | [base_page.py:40] | Entering text into element ('id', 'input-password')
2026-09-23 12:17:42 | INFO     | [base_page.py:28] | Clicking element: ('xpath', "//input[@value='Login']")
2026-09-23 12:17:43 | INFO     | [base_page.py:51] | Retrieved text 'Warning: No match for E-Mail Address and/or Password.' from element: ('css selector', '.alert-danger')
2026-09-23 12:17:43 | INFO     | [test_login.py:68] | TC_LOGIN_INVALID_PWD completed successfully
2026-09-23 12:17:43 | INFO     | [conftest.py:54] | Tearing down WebDriver session
2026-09-23 12:17:43 | INFO     | [conftest.py:42] | Starting test session with browser=chrome, headless=True
2026-09-23 12:17:43 | INFO     | [driver_factory.py:26] | Initializing WebDriver for browser='chrome', headless=True
2026-09-23 12:17:43 | INFO     | [driver_factory.py:71] | WebDriver successfully initialized with implicit_wait=10s
2026-09-23 12:17:43 | INFO     | [conftest.py:49] | Navigating to application URL: https://tutorialsninja.com/demo/
2026-09-23 12:17:44 | INFO     | [test_login.py:54] | Executing TC_LOGIN_INVALID_USER | Outcome expected: failure
2026-09-23 12:17:44 | INFO     | [home_page.py:27] | Navigating to Login page from Home page
2026-09-23 12:17:44 | INFO     | [base_page.py:28] | Clicking element: ('xpath', "//a[@title='My Account']")
2026-09-23 12:17:44 | INFO     | [base_page.py:28] | Clicking element: ('link text', 'Login')
2026-09-23 12:17:45 | INFO     | [login_page.py:37] | Attempting login with email: nonexistent_capstone_user_99@test.com
2026-09-23 12:17:45 | INFO     | [base_page.py:40] | Entering text into element ('id', 'input-email')
2026-09-23 12:17:45 | INFO     | [base_page.py:40] | Entering text into element ('id', 'input-password')
2026-09-23 12:17:45 | INFO     | [base_page.py:28] | Clicking element: ('xpath', "//input[@value='Login']")
2026-09-23 12:17:45 | INFO     | [base_page.py:51] | Retrieved text 'Warning: No match for E-Mail Address and/or Password.' from element: ('css selector', '.alert-danger')
2026-09-23 12:17:45 | INFO     | [test_login.py:68] | TC_LOGIN_INVALID_USER completed successfully
2026-09-23 12:17:45 | INFO     | [conftest.py:54] | Tearing down WebDriver session
2026-09-23 12:17:46 | INFO     | [conftest.py:42] | Starting test session with browser=chrome, headless=True
2026-09-23 12:17:46 | INFO     | [driver_factory.py:26] | Initializing WebDriver for browser='chrome', headless=True
2026-09-23 12:17:46 | INFO     | [driver_factory.py:71] | WebDriver successfully initialized with implicit_wait=10s
2026-09-23 12:17:46 | INFO     | [conftest.py:49] | Navigating to application URL: https://tutorialsninja.com/demo/
2026-09-23 12:17:47 | INFO     | [test_login.py:54] | Executing TC_LOGIN_EMPTY_FIELDS | Outcome expected: failure
2026-09-23 12:17:47 | INFO     | [home_page.py:27] | Navigating to Login page from Home page
2026-09-23 12:17:47 | INFO     | [base_page.py:28] | Clicking element: ('xpath', "//a[@title='My Account']")
2026-09-23 12:17:47 | INFO     | [base_page.py:28] | Clicking element: ('link text', 'Login')
2026-09-23 12:17:47 | INFO     | [login_page.py:37] | Attempting login with email: 
2026-09-23 12:17:47 | INFO     | [base_page.py:40] | Entering text into element ('id', 'input-email')
2026-09-23 12:17:47 | INFO     | [base_page.py:40] | Entering text into element ('id', 'input-password')
2026-09-23 12:17:47 | INFO     | [base_page.py:28] | Clicking element: ('xpath', "//input[@value='Login']")
2026-09-23 12:17:48 | INFO     | [base_page.py:51] | Retrieved text 'Warning: No match for E-Mail Address and/or Password.' from element: ('css selector', '.alert-danger')
2026-09-23 12:17:48 | INFO     | [test_login.py:68] | TC_LOGIN_EMPTY_FIELDS completed successfully
2026-09-23 12:17:48 | INFO     | [conftest.py:54] | Tearing down WebDriver session
2026-09-23 12:17:48 | INFO     | [conftest.py:42] | Starting test session with browser=chrome, headless=True
2026-09-23 12:17:48 | INFO     | [driver_factory.py:26] | Initializing WebDriver for browser='chrome', headless=True
2026-09-23 12:17:48 | INFO     | [driver_factory.py:71] | WebDriver successfully initialized with implicit_wait=10s
2026-09-23 12:17:48 | INFO     | [conftest.py:49] | Navigating to application URL: https://tutorialsninja.com/demo/
2026-09-23 12:17:49 | INFO     | [test_search.py:23] | Executing test_search_existing_product for 'MacBook'
2026-09-23 12:17:49 | INFO     | [home_page.py:34] | Searching for product: 'MacBook'
2026-09-23 12:17:49 | INFO     | [base_page.py:40] | Entering text into element ('name', 'search')
2026-09-23 12:17:50 | INFO     | [base_page.py:28] | Clicking element: ('css selector', '#search button')
2026-09-23 12:17:50 | INFO     | [search_page.py:26] | Found 3 products in search results: ['MacBook', 'MacBook Air', 'MacBook Pro']
2026-09-23 12:17:50 | INFO     | [search_page.py:26] | Found 3 products in search results: ['MacBook', 'MacBook Air', 'MacBook Pro']
2026-09-23 12:17:50 | INFO     | [search_page.py:33] | Product 'MacBook' presence check: True
2026-09-23 12:17:50 | INFO     | [test_search.py:30] | test_search_existing_product passed successfully
2026-09-23 12:17:50 | INFO     | [conftest.py:54] | Tearing down WebDriver session
2026-09-23 12:17:50 | INFO     | [conftest.py:42] | Starting test session with browser=chrome, headless=True
2026-09-23 12:17:50 | INFO     | [driver_factory.py:26] | Initializing WebDriver for browser='chrome', headless=True
2026-09-23 12:17:50 | INFO     | [driver_factory.py:71] | WebDriver successfully initialized with implicit_wait=10s
2026-09-23 12:17:50 | INFO     | [conftest.py:49] | Navigating to application URL: https://tutorialsninja.com/demo/
2026-09-23 12:17:51 | INFO     | [test_search.py:38] | Executing test_search_non_existent_product for 'XYZNonExistentDevice999'
2026-09-23 12:17:51 | INFO     | [home_page.py:34] | Searching for product: 'XYZNonExistentDevice999'
2026-09-23 12:17:51 | INFO     | [base_page.py:40] | Entering text into element ('name', 'search')
2026-09-23 12:17:51 | INFO     | [base_page.py:28] | Clicking element: ('css selector', '#search button')
2026-09-23 12:17:51 | INFO     | [base_page.py:51] | Retrieved text 'There is no product that matches the search criteria.' from element: ('xpath', "//p[contains(text(), 'There is no product that matches the search criteria.')]")
2026-09-23 12:17:51 | INFO     | [test_search.py:45] | test_search_non_existent_product passed successfully
2026-09-23 12:17:51 | INFO     | [conftest.py:54] | Tearing down WebDriver session
2026-09-23 12:17:51 | INFO     | [conftest.py:42] | Starting test session with browser=chrome, headless=True
2026-09-23 12:17:51 | INFO     | [driver_factory.py:26] | Initializing WebDriver for browser='chrome', headless=True
2026-09-23 12:17:52 | INFO     | [driver_factory.py:71] | WebDriver successfully initialized with implicit_wait=10s
2026-09-23 12:17:52 | INFO     | [conftest.py:49] | Navigating to application URL: https://tutorialsninja.com/demo/
2026-09-23 12:17:53 | INFO     | [test_search.py:60] | Executing data-driven search for 'MacBook', expecting status: found
2026-09-23 12:17:53 | INFO     | [home_page.py:34] | Searching for product: 'MacBook'
2026-09-23 12:17:53 | INFO     | [base_page.py:40] | Entering text into element ('name', 'search')
2026-09-23 12:17:53 | INFO     | [base_page.py:28] | Clicking element: ('css selector', '#search button')
2026-09-23 12:17:53 | INFO     | [search_page.py:26] | Found 3 products in search results: ['MacBook', 'MacBook Air', 'MacBook Pro']
2026-09-23 12:17:53 | INFO     | [search_page.py:33] | Product 'MacBook' presence check: True
2026-09-23 12:17:53 | INFO     | [test_search.py:77] | Data-driven search test for 'MacBook' passed
2026-09-23 12:17:53 | INFO     | [conftest.py:54] | Tearing down WebDriver session
2026-09-23 12:17:53 | INFO     | [conftest.py:42] | Starting test session with browser=chrome, headless=True
2026-09-23 12:17:53 | INFO     | [driver_factory.py:26] | Initializing WebDriver for browser='chrome', headless=True
2026-09-23 12:17:53 | INFO     | [driver_factory.py:71] | WebDriver successfully initialized with implicit_wait=10s
2026-09-23 12:17:53 | INFO     | [conftest.py:49] | Navigating to application URL: https://tutorialsninja.com/demo/
2026-09-23 12:17:54 | INFO     | [test_search.py:60] | Executing data-driven search for 'iPhone', expecting status: found
2026-09-23 12:17:54 | INFO     | [home_page.py:34] | Searching for product: 'iPhone'
2026-09-23 12:17:54 | INFO     | [base_page.py:40] | Entering text into element ('name', 'search')
2026-09-23 12:17:54 | INFO     | [base_page.py:28] | Clicking element: ('css selector', '#search button')
2026-09-23 12:17:55 | INFO     | [search_page.py:26] | Found 1 products in search results: ['iPhone']
2026-09-23 12:17:55 | INFO     | [search_page.py:33] | Product 'iPhone' presence check: True
2026-09-23 12:17:55 | INFO     | [test_search.py:77] | Data-driven search test for 'iPhone' passed
2026-09-23 12:17:55 | INFO     | [conftest.py:54] | Tearing down WebDriver session
2026-09-23 12:17:55 | INFO     | [conftest.py:42] | Starting test session with browser=chrome, headless=True
2026-09-23 12:17:55 | INFO     | [driver_factory.py:26] | Initializing WebDriver for browser='chrome', headless=True
2026-09-23 12:17:55 | INFO     | [driver_factory.py:71] | WebDriver successfully initialized with implicit_wait=10s
2026-09-23 12:17:55 | INFO     | [conftest.py:49] | Navigating to application URL: https://tutorialsninja.com/demo/
2026-09-23 12:17:56 | INFO     | [test_search.py:60] | Executing data-driven search for 'Samsung SyncMaster', expecting status: found
2026-09-23 12:17:56 | INFO     | [home_page.py:34] | Searching for product: 'Samsung SyncMaster'
2026-09-23 12:17:56 | INFO     | [base_page.py:40] | Entering text into element ('name', 'search')
2026-09-23 12:17:56 | INFO     | [base_page.py:28] | Clicking element: ('css selector', '#search button')
2026-09-23 12:17:56 | INFO     | [search_page.py:26] | Found 1 products in search results: ['Samsung SyncMaster 941BW']
2026-09-23 12:17:56 | INFO     | [search_page.py:33] | Product 'Samsung SyncMaster 941BW' presence check: True
2026-09-23 12:17:56 | INFO     | [test_search.py:77] | Data-driven search test for 'Samsung SyncMaster' passed
2026-09-23 12:17:56 | INFO     | [conftest.py:54] | Tearing down WebDriver session
2026-09-23 12:17:56 | INFO     | [conftest.py:42] | Starting test session with browser=chrome, headless=True
2026-09-23 12:17:56 | INFO     | [driver_factory.py:26] | Initializing WebDriver for browser='chrome', headless=True
2026-09-23 12:17:57 | INFO     | [driver_factory.py:71] | WebDriver successfully initialized with implicit_wait=10s
2026-09-23 12:17:57 | INFO     | [conftest.py:49] | Navigating to application URL: https://tutorialsninja.com/demo/
2026-09-23 12:17:58 | INFO     | [test_search.py:60] | Executing data-driven search for 'Samsung Galaxy', expecting status: found
2026-09-23 12:17:58 | INFO     | [home_page.py:34] | Searching for product: 'Samsung Galaxy'
2026-09-23 12:17:58 | INFO     | [base_page.py:40] | Entering text into element ('name', 'search')
2026-09-23 12:17:58 | INFO     | [base_page.py:28] | Clicking element: ('css selector', '#search button')
2026-09-23 12:17:58 | INFO     | [search_page.py:26] | Found 1 products in search results: ['Samsung Galaxy Tab 10.1']
2026-09-23 12:17:58 | INFO     | [search_page.py:33] | Product 'Samsung Galaxy Tab 10.1' presence check: True
2026-09-23 12:17:58 | INFO     | [test_search.py:77] | Data-driven search test for 'Samsung Galaxy' passed
2026-09-23 12:17:58 | INFO     | [conftest.py:54] | Tearing down WebDriver session
2026-09-23 12:17:58 | INFO     | [conftest.py:42] | Starting test session with browser=chrome, headless=True
2026-09-23 12:17:58 | INFO     | [driver_factory.py:26] | Initializing WebDriver for browser='chrome', headless=True
2026-09-23 12:17:59 | INFO     | [driver_factory.py:71] | WebDriver successfully initialized with implicit_wait=10s
2026-09-23 12:17:59 | INFO     | [conftest.py:49] | Navigating to application URL: https://tutorialsninja.com/demo/
2026-09-23 12:18:00 | INFO     | [test_search.py:60] | Executing data-driven search for 'NonExistentItem9999', expecting status: not_found
2026-09-23 12:18:00 | INFO     | [home_page.py:34] | Searching for product: 'NonExistentItem9999'
2026-09-23 12:18:00 | INFO     | [base_page.py:40] | Entering text into element ('name', 'search')
2026-09-23 12:18:00 | INFO     | [base_page.py:28] | Clicking element: ('css selector', '#search button')
2026-09-23 12:18:00 | INFO     | [base_page.py:51] | Retrieved text 'There is no product that matches the search criteria.' from element: ('xpath', "//p[contains(text(), 'There is no product that matches the search criteria.')]")
2026-09-23 12:18:00 | INFO     | [test_search.py:77] | Data-driven search test for 'NonExistentItem9999' passed
2026-09-23 12:18:00 | INFO     | [conftest.py:54] | Tearing down WebDriver session
2026-09-23 12:18:05 | INFO     | [base_test_case.py:20] | --- Starting Unittest: test_invalid_login_permutations_csv ---
2026-09-23 12:18:05 | INFO     | [driver_factory.py:26] | Initializing WebDriver for browser='chrome', headless=True
2026-09-23 12:18:06 | INFO     | [driver_factory.py:71] | WebDriver successfully initialized with implicit_wait=10s
2026-09-23 12:18:07 | INFO     | [test_login_unittest.py:37] | Running Unittest: test_invalid_login_permutations_csv
2026-09-23 12:18:07 | INFO     | [csv_utils.py:27] | Loaded 4 rows from CSV: login_data.csv
2026-09-23 12:18:07 | INFO     | [test_login_unittest.py:48] | SubTest [TC_LOGIN_VALID] executing with email='selenium_capstone_user@testautomation.com'
2026-09-23 12:18:07 | INFO     | [home_page.py:27] | Navigating to Login page from Home page
2026-09-23 12:18:07 | INFO     | [base_page.py:28] | Clicking element: ('xpath', "//a[@title='My Account']")
2026-09-23 12:18:07 | INFO     | [base_page.py:28] | Clicking element: ('link text', 'Login')
2026-09-23 12:18:07 | INFO     | [login_page.py:37] | Attempting login with email: selenium_capstone_user@testautomation.com
2026-09-23 12:18:07 | INFO     | [base_page.py:40] | Entering text into element ('id', 'input-email')
2026-09-23 12:18:07 | INFO     | [base_page.py:40] | Entering text into element ('id', 'input-password')
2026-09-23 12:18:07 | INFO     | [base_page.py:28] | Clicking element: ('xpath', "//input[@value='Login']")
2026-09-23 12:18:08 | INFO     | [account_page.py:31] | Logging out from Account dashboard
2026-09-23 12:18:08 | INFO     | [base_page.py:28] | Clicking element: ('xpath', "//aside[@id='column-right']//a[text()='Logout']")
2026-09-23 12:18:08 | INFO     | [test_login_unittest.py:48] | SubTest [TC_LOGIN_INVALID_PWD] executing with email='selenium_capstone_user@testautomation.com'
2026-09-23 12:18:08 | INFO     | [home_page.py:27] | Navigating to Login page from Home page
2026-09-23 12:18:08 | INFO     | [base_page.py:28] | Clicking element: ('xpath', "//a[@title='My Account']")
2026-09-23 12:18:08 | INFO     | [base_page.py:28] | Clicking element: ('link text', 'Login')
2026-09-23 12:18:09 | INFO     | [login_page.py:37] | Attempting login with email: selenium_capstone_user@testautomation.com
2026-09-23 12:18:09 | INFO     | [base_page.py:40] | Entering text into element ('id', 'input-email')
2026-09-23 12:18:09 | INFO     | [base_page.py:40] | Entering text into element ('id', 'input-password')
2026-09-23 12:18:09 | INFO     | [base_page.py:28] | Clicking element: ('xpath', "//input[@value='Login']")
2026-09-23 12:18:10 | INFO     | [base_page.py:51] | Retrieved text 'Warning: No match for E-Mail Address and/or Password.' from element: ('css selector', '.alert-danger')
2026-09-23 12:18:10 | INFO     | [test_login_unittest.py:48] | SubTest [TC_LOGIN_INVALID_USER] executing with email='nonexistent_capstone_user_99@test.com'
2026-09-23 12:18:10 | INFO     | [home_page.py:27] | Navigating to Login page from Home page
2026-09-23 12:18:10 | INFO     | [base_page.py:28] | Clicking element: ('xpath', "//a[@title='My Account']")
2026-09-23 12:18:10 | INFO     | [base_page.py:28] | Clicking element: ('link text', 'Login')
2026-09-23 12:18:10 | INFO     | [login_page.py:37] | Attempting login with email: nonexistent_capstone_user_99@test.com
2026-09-23 12:18:10 | INFO     | [base_page.py:40] | Entering text into element ('id', 'input-email')
2026-09-23 12:18:10 | INFO     | [base_page.py:40] | Entering text into element ('id', 'input-password')
2026-09-23 12:18:10 | INFO     | [base_page.py:28] | Clicking element: ('xpath', "//input[@value='Login']")
2026-09-23 12:18:12 | INFO     | [base_page.py:51] | Retrieved text 'Warning: No match for E-Mail Address and/or Password.' from element: ('css selector', '.alert-danger')
2026-09-23 12:18:12 | INFO     | [test_login_unittest.py:48] | SubTest [TC_LOGIN_EMPTY_FIELDS] executing with email=''
2026-09-23 12:18:12 | INFO     | [home_page.py:27] | Navigating to Login page from Home page
2026-09-23 12:18:12 | INFO     | [base_page.py:28] | Clicking element: ('xpath', "//a[@title='My Account']")
2026-09-23 12:18:12 | INFO     | [base_page.py:28] | Clicking element: ('link text', 'Login')
2026-09-23 12:18:12 | INFO     | [login_page.py:37] | Attempting login with email: 
2026-09-23 12:18:12 | INFO     | [base_page.py:40] | Entering text into element ('id', 'input-email')
2026-09-23 12:18:12 | INFO     | [base_page.py:40] | Entering text into element ('id', 'input-password')
2026-09-23 12:18:12 | INFO     | [base_page.py:28] | Clicking element: ('xpath', "//input[@value='Login']")
2026-09-23 12:18:13 | INFO     | [base_page.py:51] | Retrieved text 'Warning: No match for E-Mail Address and/or Password.' from element: ('css selector', '.alert-danger')
2026-09-23 12:18:13 | INFO     | [base_test_case.py:43] | --- Finished Unittest: test_invalid_login_permutations_csv ---
2026-09-23 12:18:13 | INFO     | [base_test_case.py:20] | --- Starting Unittest: test_valid_user_login ---
2026-09-23 12:18:13 | INFO     | [driver_factory.py:26] | Initializing WebDriver for browser='chrome', headless=True
2026-09-23 12:18:14 | INFO     | [driver_factory.py:71] | WebDriver successfully initialized with implicit_wait=10s
2026-09-23 12:18:15 | INFO     | [test_login_unittest.py:19] | Running Unittest: test_valid_user_login
2026-09-23 12:18:15 | INFO     | [home_page.py:27] | Navigating to Login page from Home page
2026-09-23 12:18:15 | INFO     | [base_page.py:28] | Clicking element: ('xpath', "//a[@title='My Account']")
2026-09-23 12:18:15 | INFO     | [base_page.py:28] | Clicking element: ('link text', 'Login')
2026-09-23 12:18:15 | INFO     | [login_page.py:37] | Attempting login with email: selenium_capstone_user@testautomation.com
2026-09-23 12:18:15 | INFO     | [base_page.py:40] | Entering text into element ('id', 'input-email')
2026-09-23 12:18:15 | INFO     | [base_page.py:40] | Entering text into element ('id', 'input-password')
2026-09-23 12:18:15 | INFO     | [base_page.py:28] | Clicking element: ('xpath', "//input[@value='Login']")
2026-09-23 12:18:16 | INFO     | [base_page.py:80] | Current page title: 'My Account'
2026-09-23 12:18:16 | INFO     | [account_page.py:31] | Logging out from Account dashboard
2026-09-23 12:18:16 | INFO     | [base_page.py:28] | Clicking element: ('xpath', "//aside[@id='column-right']//a[text()='Logout']")
2026-09-23 12:18:16 | INFO     | [base_test_case.py:43] | --- Finished Unittest: test_valid_user_login ---
2026-09-23 12:18:17 | INFO     | [base_test_case.py:20] | --- Starting Unittest: test_search_data_driven_csv ---
2026-09-23 12:18:17 | INFO     | [driver_factory.py:26] | Initializing WebDriver for browser='chrome', headless=True
2026-09-23 12:18:17 | INFO     | [driver_factory.py:71] | WebDriver successfully initialized with implicit_wait=10s
2026-09-23 12:18:18 | INFO     | [test_search_unittest.py:36] | Running Unittest: test_search_data_driven_csv
2026-09-23 12:18:18 | INFO     | [csv_utils.py:27] | Loaded 5 rows from CSV: search_data.csv
2026-09-23 12:18:18 | INFO     | [test_search_unittest.py:45] | SubTest search term: 'MacBook'
2026-09-23 12:18:18 | INFO     | [home_page.py:34] | Searching for product: 'MacBook'
2026-09-23 12:18:18 | INFO     | [base_page.py:40] | Entering text into element ('name', 'search')
2026-09-23 12:18:18 | INFO     | [base_page.py:28] | Clicking element: ('css selector', '#search button')
2026-09-23 12:18:18 | INFO     | [search_page.py:26] | Found 3 products in search results: ['MacBook', 'MacBook Air', 'MacBook Pro']
2026-09-23 12:18:18 | INFO     | [search_page.py:33] | Product 'MacBook' presence check: True
2026-09-23 12:18:18 | INFO     | [test_search_unittest.py:45] | SubTest search term: 'iPhone'
2026-09-23 12:18:18 | INFO     | [home_page.py:34] | Searching for product: 'iPhone'
2026-09-23 12:18:18 | INFO     | [base_page.py:40] | Entering text into element ('name', 'search')
2026-09-23 12:18:18 | INFO     | [base_page.py:28] | Clicking element: ('css selector', '#search button')
2026-09-23 12:18:19 | INFO     | [search_page.py:26] | Found 1 products in search results: ['iPhone']
2026-09-23 12:18:19 | INFO     | [search_page.py:33] | Product 'iPhone' presence check: True
2026-09-23 12:18:19 | INFO     | [test_search_unittest.py:45] | SubTest search term: 'Samsung SyncMaster'
2026-09-23 12:18:19 | INFO     | [home_page.py:34] | Searching for product: 'Samsung SyncMaster'
2026-09-23 12:18:19 | INFO     | [base_page.py:40] | Entering text into element ('name', 'search')
2026-09-23 12:18:19 | INFO     | [base_page.py:28] | Clicking element: ('css selector', '#search button')
2026-09-23 12:18:19 | INFO     | [search_page.py:26] | Found 1 products in search results: ['Samsung SyncMaster 941BW']
2026-09-23 12:18:19 | INFO     | [search_page.py:33] | Product 'Samsung SyncMaster 941BW' presence check: True
2026-09-23 12:18:19 | INFO     | [test_search_unittest.py:45] | SubTest search term: 'Samsung Galaxy'
2026-09-23 12:18:19 | INFO     | [home_page.py:34] | Searching for product: 'Samsung Galaxy'
2026-09-23 12:18:19 | INFO     | [base_page.py:40] | Entering text into element ('name', 'search')
2026-09-23 12:18:19 | INFO     | [base_page.py:28] | Clicking element: ('css selector', '#search button')
2026-09-23 12:18:19 | INFO     | [search_page.py:26] | Found 1 products in search results: ['Samsung Galaxy Tab 10.1']
2026-09-23 12:18:19 | INFO     | [search_page.py:33] | Product 'Samsung Galaxy Tab 10.1' presence check: True
2026-09-23 12:18:19 | INFO     | [test_search_unittest.py:45] | SubTest search term: 'NonExistentItem9999'
2026-09-23 12:18:19 | INFO     | [home_page.py:34] | Searching for product: 'NonExistentItem9999'
2026-09-23 12:18:19 | INFO     | [base_page.py:40] | Entering text into element ('name', 'search')
2026-09-23 12:18:19 | INFO     | [base_page.py:28] | Clicking element: ('css selector', '#search button')
2026-09-23 12:18:19 | INFO     | [base_page.py:51] | Retrieved text 'There is no product that matches the search criteria.' from element: ('xpath', "//p[contains(text(), 'There is no product that matches the search criteria.')]")
2026-09-23 12:18:19 | INFO     | [base_test_case.py:43] | --- Finished Unittest: test_search_data_driven_csv ---
2026-09-23 12:18:19 | INFO     | [base_test_case.py:20] | --- Starting Unittest: test_search_for_non_existent_product ---
2026-09-23 12:18:19 | INFO     | [driver_factory.py:26] | Initializing WebDriver for browser='chrome', headless=True
2026-09-23 12:18:20 | INFO     | [driver_factory.py:71] | WebDriver successfully initialized with implicit_wait=10s
2026-09-23 12:18:21 | INFO     | [test_search_unittest.py:27] | Running Unittest: test_search_for_non_existent_product
2026-09-23 12:18:21 | INFO     | [home_page.py:34] | Searching for product: 'NonExistentItem9999'
2026-09-23 12:18:21 | INFO     | [base_page.py:40] | Entering text into element ('name', 'search')
2026-09-23 12:18:21 | INFO     | [base_page.py:28] | Clicking element: ('css selector', '#search button')
2026-09-23 12:18:21 | INFO     | [base_page.py:51] | Retrieved text 'There is no product that matches the search criteria.' from element: ('xpath', "//p[contains(text(), 'There is no product that matches the search criteria.')]")
2026-09-23 12:18:21 | INFO     | [base_test_case.py:43] | --- Finished Unittest: test_search_for_non_existent_product ---
2026-09-23 12:18:21 | INFO     | [base_test_case.py:20] | --- Starting Unittest: test_search_for_valid_product ---
2026-09-23 12:18:21 | INFO     | [driver_factory.py:26] | Initializing WebDriver for browser='chrome', headless=True
2026-09-23 12:18:21 | INFO     | [driver_factory.py:71] | WebDriver successfully initialized with implicit_wait=10s
2026-09-23 12:18:22 | INFO     | [test_search_unittest.py:18] | Running Unittest: test_search_for_valid_product
2026-09-23 12:18:22 | INFO     | [home_page.py:34] | Searching for product: 'MacBook'
2026-09-23 12:18:22 | INFO     | [base_page.py:40] | Entering text into element ('name', 'search')
2026-09-23 12:18:22 | INFO     | [base_page.py:28] | Clicking element: ('css selector', '#search button')
2026-09-23 12:18:22 | INFO     | [search_page.py:26] | Found 3 products in search results: ['MacBook', 'MacBook Air', 'MacBook Pro']
2026-09-23 12:18:22 | INFO     | [search_page.py:33] | Product 'MacBook' presence check: True
2026-09-23 12:18:23 | INFO     | [search_page.py:26] | Found 3 products in search results: ['MacBook', 'MacBook Air', 'MacBook Pro']
2026-09-23 12:18:23 | INFO     | [base_test_case.py:43] | --- Finished Unittest: test_search_for_valid_product ---
2026-09-23 12:19:51 | INFO     | [csv_utils.py:27] | Loaded 4 rows from CSV: login_data.csv
2026-09-23 12:19:51 | INFO     | [csv_utils.py:27] | Loaded 5 rows from CSV: search_data.csv
2026-09-23 12:19:51 | INFO     | [conftest.py:42] | Starting test session with browser=chrome, headless=True
2026-09-23 12:19:51 | INFO     | [driver_factory.py:26] | Initializing WebDriver for browser='chrome', headless=True
2026-09-23 12:19:51 | INFO     | [driver_factory.py:71] | WebDriver successfully initialized with implicit_wait=10s
2026-09-23 12:19:51 | INFO     | [conftest.py:49] | Navigating to application URL: https://tutorialsninja.com/demo/
2026-09-23 12:19:52 | INFO     | [test_login.py:23] | Executing test_valid_login
2026-09-23 12:19:52 | INFO     | [home_page.py:27] | Navigating to Login page from Home page
2026-09-23 12:19:52 | INFO     | [base_page.py:28] | Clicking element: ('xpath', "//a[@title='My Account']")
2026-09-23 12:19:52 | INFO     | [base_page.py:28] | Clicking element: ('link text', 'Login')
2026-09-23 12:19:53 | INFO     | [login_page.py:37] | Attempting login with email: selenium_capstone_user@testautomation.com
2026-09-23 12:19:53 | INFO     | [base_page.py:40] | Entering text into element ('id', 'input-email')
2026-09-23 12:19:53 | INFO     | [base_page.py:40] | Entering text into element ('id', 'input-password')
2026-09-23 12:19:53 | INFO     | [base_page.py:28] | Clicking element: ('xpath', "//input[@value='Login']")
2026-09-23 12:19:54 | INFO     | [base_page.py:80] | Current page title: 'My Account'
2026-09-23 12:19:54 | INFO     | [account_page.py:31] | Logging out from Account dashboard
2026-09-23 12:19:54 | INFO     | [base_page.py:28] | Clicking element: ('xpath', "//aside[@id='column-right']//a[text()='Logout']")
2026-09-23 12:19:54 | INFO     | [test_login.py:39] | test_valid_login passed successfully
2026-09-23 12:19:54 | INFO     | [conftest.py:54] | Tearing down WebDriver session
2026-09-23 12:19:54 | INFO     | [conftest.py:42] | Starting test session with browser=chrome, headless=True
2026-09-23 12:19:54 | INFO     | [driver_factory.py:26] | Initializing WebDriver for browser='chrome', headless=True
2026-09-23 12:19:54 | INFO     | [driver_factory.py:71] | WebDriver successfully initialized with implicit_wait=10s
2026-09-23 12:19:54 | INFO     | [conftest.py:49] | Navigating to application URL: https://tutorialsninja.com/demo/
2026-09-23 12:19:55 | INFO     | [test_login.py:54] | Executing TC_LOGIN_VALID | Outcome expected: success
2026-09-23 12:19:55 | INFO     | [home_page.py:27] | Navigating to Login page from Home page
2026-09-23 12:19:55 | INFO     | [base_page.py:28] | Clicking element: ('xpath', "//a[@title='My Account']")
2026-09-23 12:19:55 | INFO     | [base_page.py:28] | Clicking element: ('link text', 'Login')
2026-09-23 12:19:56 | INFO     | [login_page.py:37] | Attempting login with email: selenium_capstone_user@testautomation.com
2026-09-23 12:19:56 | INFO     | [base_page.py:40] | Entering text into element ('id', 'input-email')
2026-09-23 12:19:56 | INFO     | [base_page.py:40] | Entering text into element ('id', 'input-password')
2026-09-23 12:19:56 | INFO     | [base_page.py:28] | Clicking element: ('xpath', "//input[@value='Login']")
2026-09-23 12:19:57 | INFO     | [account_page.py:31] | Logging out from Account dashboard
2026-09-23 12:19:57 | INFO     | [base_page.py:28] | Clicking element: ('xpath', "//aside[@id='column-right']//a[text()='Logout']")
2026-09-23 12:19:57 | INFO     | [test_login.py:68] | TC_LOGIN_VALID completed successfully
2026-09-23 12:19:57 | INFO     | [conftest.py:54] | Tearing down WebDriver session
2026-09-23 12:19:57 | INFO     | [conftest.py:42] | Starting test session with browser=chrome, headless=True
2026-09-23 12:19:57 | INFO     | [driver_factory.py:26] | Initializing WebDriver for browser='chrome', headless=True
2026-09-23 12:19:57 | INFO     | [driver_factory.py:71] | WebDriver successfully initialized with implicit_wait=10s
2026-09-23 12:19:57 | INFO     | [conftest.py:49] | Navigating to application URL: https://tutorialsninja.com/demo/
2026-09-23 12:19:58 | INFO     | [test_login.py:54] | Executing TC_LOGIN_INVALID_PWD | Outcome expected: failure
2026-09-23 12:19:58 | INFO     | [home_page.py:27] | Navigating to Login page from Home page
2026-09-23 12:19:58 | INFO     | [base_page.py:28] | Clicking element: ('xpath', "//a[@title='My Account']")
2026-09-23 12:19:58 | INFO     | [base_page.py:28] | Clicking element: ('link text', 'Login')
2026-09-23 12:19:58 | INFO     | [login_page.py:37] | Attempting login with email: selenium_capstone_user@testautomation.com
2026-09-23 12:19:58 | INFO     | [base_page.py:40] | Entering text into element ('id', 'input-email')
2026-09-23 12:19:58 | INFO     | [base_page.py:40] | Entering text into element ('id', 'input-password')
2026-09-23 12:19:58 | INFO     | [base_page.py:28] | Clicking element: ('xpath', "//input[@value='Login']")
2026-09-23 12:19:59 | INFO     | [base_page.py:51] | Retrieved text 'Warning: No match for E-Mail Address and/or Password.' from element: ('css selector', '.alert-danger')
2026-09-23 12:19:59 | INFO     | [test_login.py:68] | TC_LOGIN_INVALID_PWD completed successfully
2026-09-23 12:19:59 | INFO     | [conftest.py:54] | Tearing down WebDriver session
2026-09-23 12:19:59 | INFO     | [conftest.py:42] | Starting test session with browser=chrome, headless=True
2026-09-23 12:19:59 | INFO     | [driver_factory.py:26] | Initializing WebDriver for browser='chrome', headless=True
2026-09-23 12:20:00 | INFO     | [driver_factory.py:71] | WebDriver successfully initialized with implicit_wait=10s
2026-09-23 12:20:00 | INFO     | [conftest.py:49] | Navigating to application URL: https://tutorialsninja.com/demo/
2026-09-23 12:20:00 | INFO     | [test_login.py:54] | Executing TC_LOGIN_INVALID_USER | Outcome expected: failure
2026-09-23 12:20:00 | INFO     | [home_page.py:27] | Navigating to Login page from Home page
2026-09-23 12:20:00 | INFO     | [base_page.py:28] | Clicking element: ('xpath', "//a[@title='My Account']")
2026-09-23 12:20:00 | INFO     | [base_page.py:28] | Clicking element: ('link text', 'Login')
2026-09-23 12:20:01 | INFO     | [login_page.py:37] | Attempting login with email: nonexistent_capstone_user_99@test.com
2026-09-23 12:20:01 | INFO     | [base_page.py:40] | Entering text into element ('id', 'input-email')
2026-09-23 12:20:01 | INFO     | [base_page.py:40] | Entering text into element ('id', 'input-password')
2026-09-23 12:20:01 | INFO     | [base_page.py:28] | Clicking element: ('xpath', "//input[@value='Login']")
2026-09-23 12:20:06 | INFO     | [base_page.py:51] | Retrieved text 'Warning: No match for E-Mail Address and/or Password.' from element: ('css selector', '.alert-danger')
2026-09-23 12:20:06 | INFO     | [test_login.py:68] | TC_LOGIN_INVALID_USER completed successfully
2026-09-23 12:20:06 | INFO     | [conftest.py:54] | Tearing down WebDriver session
2026-09-23 12:20:06 | INFO     | [conftest.py:42] | Starting test session with browser=chrome, headless=True
2026-09-23 12:20:06 | INFO     | [driver_factory.py:26] | Initializing WebDriver for browser='chrome', headless=True
2026-09-23 12:20:06 | INFO     | [driver_factory.py:71] | WebDriver successfully initialized with implicit_wait=10s
2026-09-23 12:20:06 | INFO     | [conftest.py:49] | Navigating to application URL: https://tutorialsninja.com/demo/
2026-09-23 12:20:07 | INFO     | [test_login.py:54] | Executing TC_LOGIN_EMPTY_FIELDS | Outcome expected: failure
2026-09-23 12:20:07 | INFO     | [home_page.py:27] | Navigating to Login page from Home page
2026-09-23 12:20:07 | INFO     | [base_page.py:28] | Clicking element: ('xpath', "//a[@title='My Account']")
2026-09-23 12:20:07 | INFO     | [base_page.py:28] | Clicking element: ('link text', 'Login')
2026-09-23 12:20:07 | INFO     | [login_page.py:37] | Attempting login with email: 
2026-09-23 12:20:07 | INFO     | [base_page.py:40] | Entering text into element ('id', 'input-email')
2026-09-23 12:20:07 | INFO     | [base_page.py:40] | Entering text into element ('id', 'input-password')
2026-09-23 12:20:07 | INFO     | [base_page.py:28] | Clicking element: ('xpath', "//input[@value='Login']")
2026-09-23 12:20:08 | INFO     | [base_page.py:51] | Retrieved text 'Warning: No match for E-Mail Address and/or Password.' from element: ('css selector', '.alert-danger')
2026-09-23 12:20:08 | INFO     | [test_login.py:68] | TC_LOGIN_EMPTY_FIELDS completed successfully
2026-09-23 12:20:08 | INFO     | [conftest.py:54] | Tearing down WebDriver session
2026-09-23 12:20:09 | INFO     | [conftest.py:42] | Starting test session with browser=chrome, headless=True
2026-09-23 12:20:09 | INFO     | [driver_factory.py:26] | Initializing WebDriver for browser='chrome', headless=True
2026-09-23 12:20:09 | INFO     | [driver_factory.py:71] | WebDriver successfully initialized with implicit_wait=10s
2026-09-23 12:20:09 | INFO     | [conftest.py:49] | Navigating to application URL: https://tutorialsninja.com/demo/
2026-09-23 12:20:10 | INFO     | [test_search.py:23] | Executing test_search_existing_product for 'MacBook'
2026-09-23 12:20:10 | INFO     | [home_page.py:34] | Searching for product: 'MacBook'
2026-09-23 12:20:10 | INFO     | [base_page.py:40] | Entering text into element ('name', 'search')
2026-09-23 12:20:10 | INFO     | [base_page.py:28] | Clicking element: ('css selector', '#search button')
2026-09-23 12:20:10 | INFO     | [search_page.py:26] | Found 3 products in search results: ['MacBook', 'MacBook Air', 'MacBook Pro']
2026-09-23 12:20:10 | INFO     | [search_page.py:26] | Found 3 products in search results: ['MacBook', 'MacBook Air', 'MacBook Pro']
2026-09-23 12:20:10 | INFO     | [search_page.py:33] | Product 'MacBook' presence check: True
2026-09-23 12:20:10 | INFO     | [test_search.py:30] | test_search_existing_product passed successfully
2026-09-23 12:20:10 | INFO     | [conftest.py:54] | Tearing down WebDriver session
2026-09-23 12:20:10 | INFO     | [conftest.py:42] | Starting test session with browser=chrome, headless=True
2026-09-23 12:20:10 | INFO     | [driver_factory.py:26] | Initializing WebDriver for browser='chrome', headless=True
2026-09-23 12:20:11 | INFO     | [driver_factory.py:71] | WebDriver successfully initialized with implicit_wait=10s
2026-09-23 12:20:11 | INFO     | [conftest.py:49] | Navigating to application URL: https://tutorialsninja.com/demo/
2026-09-23 12:20:12 | INFO     | [test_search.py:38] | Executing test_search_non_existent_product for 'XYZNonExistentDevice999'
2026-09-23 12:20:12 | INFO     | [home_page.py:34] | Searching for product: 'XYZNonExistentDevice999'
2026-09-23 12:20:12 | INFO     | [base_page.py:40] | Entering text into element ('name', 'search')
2026-09-23 12:20:12 | INFO     | [base_page.py:28] | Clicking element: ('css selector', '#search button')
2026-09-23 12:20:12 | INFO     | [base_page.py:51] | Retrieved text 'There is no product that matches the search criteria.' from element: ('xpath', "//p[contains(text(), 'There is no product that matches the search criteria.')]")
2026-09-23 12:20:12 | INFO     | [test_search.py:45] | test_search_non_existent_product passed successfully
2026-09-23 12:20:12 | INFO     | [conftest.py:54] | Tearing down WebDriver session
2026-09-23 12:20:12 | INFO     | [conftest.py:42] | Starting test session with browser=chrome, headless=True
2026-09-23 12:20:12 | INFO     | [driver_factory.py:26] | Initializing WebDriver for browser='chrome', headless=True
2026-09-23 12:20:12 | INFO     | [driver_factory.py:71] | WebDriver successfully initialized with implicit_wait=10s
2026-09-23 12:20:12 | INFO     | [conftest.py:49] | Navigating to application URL: https://tutorialsninja.com/demo/
2026-09-23 12:20:13 | INFO     | [test_search.py:60] | Executing data-driven search for 'MacBook', expecting status: found
2026-09-23 12:20:13 | INFO     | [home_page.py:34] | Searching for product: 'MacBook'
2026-09-23 12:20:13 | INFO     | [base_page.py:40] | Entering text into element ('name', 'search')
2026-09-23 12:20:13 | INFO     | [base_page.py:28] | Clicking element: ('css selector', '#search button')
2026-09-23 12:20:14 | INFO     | [search_page.py:26] | Found 3 products in search results: ['MacBook', 'MacBook Air', 'MacBook Pro']
2026-09-23 12:20:14 | INFO     | [search_page.py:33] | Product 'MacBook' presence check: True
2026-09-23 12:20:14 | INFO     | [test_search.py:77] | Data-driven search test for 'MacBook' passed
2026-09-23 12:20:14 | INFO     | [conftest.py:54] | Tearing down WebDriver session
2026-09-23 12:20:14 | INFO     | [conftest.py:42] | Starting test session with browser=chrome, headless=True
2026-09-23 12:20:14 | INFO     | [driver_factory.py:26] | Initializing WebDriver for browser='chrome', headless=True
2026-09-23 12:20:14 | INFO     | [driver_factory.py:71] | WebDriver successfully initialized with implicit_wait=10s
2026-09-23 12:20:14 | INFO     | [conftest.py:49] | Navigating to application URL: https://tutorialsninja.com/demo/
2026-09-23 12:20:15 | INFO     | [test_search.py:60] | Executing data-driven search for 'iPhone', expecting status: found
2026-09-23 12:20:15 | INFO     | [home_page.py:34] | Searching for product: 'iPhone'
2026-09-23 12:20:15 | INFO     | [base_page.py:40] | Entering text into element ('name', 'search')
2026-09-23 12:20:15 | INFO     | [base_page.py:28] | Clicking element: ('css selector', '#search button')
2026-09-23 12:20:16 | INFO     | [search_page.py:26] | Found 1 products in search results: ['iPhone']
2026-09-23 12:20:16 | INFO     | [search_page.py:33] | Product 'iPhone' presence check: True
2026-09-23 12:20:16 | INFO     | [test_search.py:77] | Data-driven search test for 'iPhone' passed
2026-09-23 12:20:16 | INFO     | [conftest.py:54] | Tearing down WebDriver session
2026-09-23 12:20:16 | INFO     | [conftest.py:42] | Starting test session with browser=chrome, headless=True
2026-09-23 12:20:16 | INFO     | [driver_factory.py:26] | Initializing WebDriver for browser='chrome', headless=True
2026-09-23 12:20:16 | INFO     | [driver_factory.py:71] | WebDriver successfully initialized with implicit_wait=10s
2026-09-23 12:20:16 | INFO     | [conftest.py:49] | Navigating to application URL: https://tutorialsninja.com/demo/
2026-09-23 12:20:17 | INFO     | [test_search.py:60] | Executing data-driven search for 'Samsung SyncMaster', expecting status: found
2026-09-23 12:20:17 | INFO     | [home_page.py:34] | Searching for product: 'Samsung SyncMaster'
2026-09-23 12:20:17 | INFO     | [base_page.py:40] | Entering text into element ('name', 'search')
2026-09-23 12:20:17 | INFO     | [base_page.py:28] | Clicking element: ('css selector', '#search button')
2026-09-23 12:20:17 | INFO     | [search_page.py:26] | Found 1 products in search results: ['Samsung SyncMaster 941BW']
2026-09-23 12:20:17 | INFO     | [search_page.py:33] | Product 'Samsung SyncMaster 941BW' presence check: True
2026-09-23 12:20:17 | INFO     | [test_search.py:77] | Data-driven search test for 'Samsung SyncMaster' passed
2026-09-23 12:20:17 | INFO     | [conftest.py:54] | Tearing down WebDriver session
2026-09-23 12:20:18 | INFO     | [conftest.py:42] | Starting test session with browser=chrome, headless=True
2026-09-23 12:20:18 | INFO     | [driver_factory.py:26] | Initializing WebDriver for browser='chrome', headless=True
2026-09-23 12:20:18 | INFO     | [driver_factory.py:71] | WebDriver successfully initialized with implicit_wait=10s
2026-09-23 12:20:18 | INFO     | [conftest.py:49] | Navigating to application URL: https://tutorialsninja.com/demo/
2026-09-23 12:20:19 | INFO     | [test_search.py:60] | Executing data-driven search for 'Samsung Galaxy', expecting status: found
2026-09-23 12:20:19 | INFO     | [home_page.py:34] | Searching for product: 'Samsung Galaxy'
2026-09-23 12:20:19 | INFO     | [base_page.py:40] | Entering text into element ('name', 'search')
2026-09-23 12:20:19 | INFO     | [base_page.py:28] | Clicking element: ('css selector', '#search button')
2026-09-23 12:20:19 | INFO     | [search_page.py:26] | Found 1 products in search results: ['Samsung Galaxy Tab 10.1']
2026-09-23 12:20:19 | INFO     | [search_page.py:33] | Product 'Samsung Galaxy Tab 10.1' presence check: True
2026-09-23 12:20:19 | INFO     | [test_search.py:77] | Data-driven search test for 'Samsung Galaxy' passed
2026-09-23 12:20:19 | INFO     | [conftest.py:54] | Tearing down WebDriver session
2026-09-23 12:20:19 | INFO     | [conftest.py:42] | Starting test session with browser=chrome, headless=True
2026-09-23 12:20:19 | INFO     | [driver_factory.py:26] | Initializing WebDriver for browser='chrome', headless=True
2026-09-23 12:20:19 | INFO     | [driver_factory.py:71] | WebDriver successfully initialized with implicit_wait=10s
2026-09-23 12:20:19 | INFO     | [conftest.py:49] | Navigating to application URL: https://tutorialsninja.com/demo/
2026-09-23 12:20:20 | INFO     | [test_search.py:60] | Executing data-driven search for 'NonExistentItem9999', expecting status: not_found
2026-09-23 12:20:20 | INFO     | [home_page.py:34] | Searching for product: 'NonExistentItem9999'
2026-09-23 12:20:20 | INFO     | [base_page.py:40] | Entering text into element ('name', 'search')
2026-09-23 12:20:20 | INFO     | [base_page.py:28] | Clicking element: ('css selector', '#search button')
2026-09-23 12:20:21 | INFO     | [base_page.py:51] | Retrieved text 'There is no product that matches the search criteria.' from element: ('xpath', "//p[contains(text(), 'There is no product that matches the search criteria.')]")
2026-09-23 12:20:21 | INFO     | [test_search.py:77] | Data-driven search test for 'NonExistentItem9999' passed
2026-09-23 12:20:21 | INFO     | [conftest.py:54] | Tearing down WebDriver session
2026-09-23 12:20:21 | INFO     | [base_test_case.py:20] | --- Starting Unittest: test_invalid_login_permutations_csv ---
2026-09-23 12:20:21 | INFO     | [driver_factory.py:26] | Initializing WebDriver for browser='chrome', headless=True
2026-09-23 12:20:21 | INFO     | [driver_factory.py:71] | WebDriver successfully initialized with implicit_wait=10s
2026-09-23 12:20:22 | INFO     | [test_login_unittest.py:37] | Running Unittest: test_invalid_login_permutations_csv
2026-09-23 12:20:22 | INFO     | [csv_utils.py:27] | Loaded 4 rows from CSV: login_data.csv
2026-09-23 12:20:22 | INFO     | [test_login_unittest.py:48] | SubTest [TC_LOGIN_VALID] executing with email='selenium_capstone_user@testautomation.com'
2026-09-23 12:20:22 | INFO     | [home_page.py:27] | Navigating to Login page from Home page
2026-09-23 12:20:22 | INFO     | [base_page.py:28] | Clicking element: ('xpath', "//a[@title='My Account']")
2026-09-23 12:20:22 | INFO     | [base_page.py:28] | Clicking element: ('link text', 'Login')
2026-09-23 12:20:22 | INFO     | [login_page.py:37] | Attempting login with email: selenium_capstone_user@testautomation.com
2026-09-23 12:20:22 | INFO     | [base_page.py:40] | Entering text into element ('id', 'input-email')
2026-09-23 12:20:22 | INFO     | [base_page.py:40] | Entering text into element ('id', 'input-password')
2026-09-23 12:20:22 | INFO     | [base_page.py:28] | Clicking element: ('xpath', "//input[@value='Login']")
2026-09-23 12:20:23 | INFO     | [account_page.py:31] | Logging out from Account dashboard
2026-09-23 12:20:23 | INFO     | [base_page.py:28] | Clicking element: ('xpath', "//aside[@id='column-right']//a[text()='Logout']")
2026-09-23 12:20:24 | INFO     | [test_login_unittest.py:48] | SubTest [TC_LOGIN_INVALID_PWD] executing with email='selenium_capstone_user@testautomation.com'
2026-09-23 12:20:24 | INFO     | [home_page.py:27] | Navigating to Login page from Home page
2026-09-23 12:20:24 | INFO     | [base_page.py:28] | Clicking element: ('xpath', "//a[@title='My Account']")
2026-09-23 12:20:24 | INFO     | [base_page.py:28] | Clicking element: ('link text', 'Login')
2026-09-23 12:20:24 | INFO     | [login_page.py:37] | Attempting login with email: selenium_capstone_user@testautomation.com
2026-09-23 12:20:24 | INFO     | [base_page.py:40] | Entering text into element ('id', 'input-email')
2026-09-23 12:20:24 | INFO     | [base_page.py:40] | Entering text into element ('id', 'input-password')
2026-09-23 12:20:24 | INFO     | [base_page.py:28] | Clicking element: ('xpath', "//input[@value='Login']")
2026-09-23 12:20:25 | INFO     | [base_page.py:51] | Retrieved text 'Warning: No match for E-Mail Address and/or Password.' from element: ('css selector', '.alert-danger')
2026-09-23 12:20:25 | INFO     | [test_login_unittest.py:48] | SubTest [TC_LOGIN_INVALID_USER] executing with email='nonexistent_capstone_user_99@test.com'
2026-09-23 12:20:25 | INFO     | [home_page.py:27] | Navigating to Login page from Home page
2026-09-23 12:20:25 | INFO     | [base_page.py:28] | Clicking element: ('xpath', "//a[@title='My Account']")
2026-09-23 12:20:25 | INFO     | [base_page.py:28] | Clicking element: ('link text', 'Login')
2026-09-23 12:20:25 | INFO     | [login_page.py:37] | Attempting login with email: nonexistent_capstone_user_99@test.com
2026-09-23 12:20:25 | INFO     | [base_page.py:40] | Entering text into element ('id', 'input-email')
2026-09-23 12:20:25 | INFO     | [base_page.py:40] | Entering text into element ('id', 'input-password')
2026-09-23 12:20:25 | INFO     | [base_page.py:28] | Clicking element: ('xpath', "//input[@value='Login']")
2026-09-23 12:20:26 | INFO     | [base_page.py:51] | Retrieved text 'Warning: No match for E-Mail Address and/or Password.' from element: ('css selector', '.alert-danger')
2026-09-23 12:20:26 | INFO     | [test_login_unittest.py:48] | SubTest [TC_LOGIN_EMPTY_FIELDS] executing with email=''
2026-09-23 12:20:26 | INFO     | [home_page.py:27] | Navigating to Login page from Home page
2026-09-23 12:20:26 | INFO     | [base_page.py:28] | Clicking element: ('xpath', "//a[@title='My Account']")
2026-09-23 12:20:26 | INFO     | [base_page.py:28] | Clicking element: ('link text', 'Login')
2026-09-23 12:20:26 | INFO     | [login_page.py:37] | Attempting login with email: 
2026-09-23 12:20:26 | INFO     | [base_page.py:40] | Entering text into element ('id', 'input-email')
2026-09-23 12:20:26 | INFO     | [base_page.py:40] | Entering text into element ('id', 'input-password')
2026-09-23 12:20:26 | INFO     | [base_page.py:28] | Clicking element: ('xpath', "//input[@value='Login']")
2026-09-23 12:20:27 | INFO     | [base_page.py:51] | Retrieved text 'Warning: No match for E-Mail Address and/or Password.' from element: ('css selector', '.alert-danger')
2026-09-23 12:20:27 | INFO     | [base_test_case.py:43] | --- Finished Unittest: test_invalid_login_permutations_csv ---
2026-09-23 12:20:27 | INFO     | [base_test_case.py:20] | --- Starting Unittest: test_valid_user_login ---
2026-09-23 12:20:27 | INFO     | [driver_factory.py:26] | Initializing WebDriver for browser='chrome', headless=True
2026-09-23 12:20:28 | INFO     | [driver_factory.py:71] | WebDriver successfully initialized with implicit_wait=10s
2026-09-23 12:20:29 | INFO     | [test_login_unittest.py:19] | Running Unittest: test_valid_user_login
2026-09-23 12:20:29 | INFO     | [home_page.py:27] | Navigating to Login page from Home page
2026-09-23 12:20:29 | INFO     | [base_page.py:28] | Clicking element: ('xpath', "//a[@title='My Account']")
2026-09-23 12:20:29 | INFO     | [base_page.py:28] | Clicking element: ('link text', 'Login')
2026-09-23 12:20:29 | INFO     | [login_page.py:37] | Attempting login with email: selenium_capstone_user@testautomation.com
2026-09-23 12:20:29 | INFO     | [base_page.py:40] | Entering text into element ('id', 'input-email')
2026-09-23 12:20:29 | INFO     | [base_page.py:40] | Entering text into element ('id', 'input-password')
2026-09-23 12:20:29 | INFO     | [base_page.py:28] | Clicking element: ('xpath', "//input[@value='Login']")
2026-09-23 12:20:30 | INFO     | [base_page.py:80] | Current page title: 'My Account'
2026-09-23 12:20:30 | INFO     | [account_page.py:31] | Logging out from Account dashboard
2026-09-23 12:20:30 | INFO     | [base_page.py:28] | Clicking element: ('xpath', "//aside[@id='column-right']//a[text()='Logout']")
2026-09-23 12:20:30 | INFO     | [base_test_case.py:43] | --- Finished Unittest: test_valid_user_login ---
2026-09-23 12:20:30 | INFO     | [base_test_case.py:20] | --- Starting Unittest: test_search_data_driven_csv ---
2026-09-23 12:20:30 | INFO     | [driver_factory.py:26] | Initializing WebDriver for browser='chrome', headless=True
2026-09-23 12:20:30 | INFO     | [driver_factory.py:71] | WebDriver successfully initialized with implicit_wait=10s
2026-09-23 12:20:31 | INFO     | [test_search_unittest.py:36] | Running Unittest: test_search_data_driven_csv
2026-09-23 12:20:31 | INFO     | [csv_utils.py:27] | Loaded 5 rows from CSV: search_data.csv
2026-09-23 12:20:31 | INFO     | [test_search_unittest.py:45] | SubTest search term: 'MacBook'
2026-09-23 12:20:31 | INFO     | [home_page.py:34] | Searching for product: 'MacBook'
2026-09-23 12:20:31 | INFO     | [base_page.py:40] | Entering text into element ('name', 'search')
2026-09-23 12:20:31 | INFO     | [base_page.py:28] | Clicking element: ('css selector', '#search button')
2026-09-23 12:20:32 | INFO     | [search_page.py:26] | Found 3 products in search results: ['MacBook', 'MacBook Air', 'MacBook Pro']
2026-09-23 12:20:32 | INFO     | [search_page.py:33] | Product 'MacBook' presence check: True
2026-09-23 12:20:32 | INFO     | [test_search_unittest.py:45] | SubTest search term: 'iPhone'
2026-09-23 12:20:32 | INFO     | [home_page.py:34] | Searching for product: 'iPhone'
2026-09-23 12:20:32 | INFO     | [base_page.py:40] | Entering text into element ('name', 'search')
2026-09-23 12:20:32 | INFO     | [base_page.py:28] | Clicking element: ('css selector', '#search button')
2026-09-23 12:20:32 | INFO     | [search_page.py:26] | Found 1 products in search results: ['iPhone']
2026-09-23 12:20:32 | INFO     | [search_page.py:33] | Product 'iPhone' presence check: True
2026-09-23 12:20:32 | INFO     | [test_search_unittest.py:45] | SubTest search term: 'Samsung SyncMaster'
2026-09-23 12:20:32 | INFO     | [home_page.py:34] | Searching for product: 'Samsung SyncMaster'
2026-09-23 12:20:32 | INFO     | [base_page.py:40] | Entering text into element ('name', 'search')
2026-09-23 12:20:32 | INFO     | [base_page.py:28] | Clicking element: ('css selector', '#search button')
2026-09-23 12:20:32 | INFO     | [search_page.py:26] | Found 1 products in search results: ['Samsung SyncMaster 941BW']
2026-09-23 12:20:32 | INFO     | [search_page.py:33] | Product 'Samsung SyncMaster 941BW' presence check: True
2026-09-23 12:20:32 | INFO     | [test_search_unittest.py:45] | SubTest search term: 'Samsung Galaxy'
2026-09-23 12:20:32 | INFO     | [home_page.py:34] | Searching for product: 'Samsung Galaxy'
2026-09-23 12:20:32 | INFO     | [base_page.py:40] | Entering text into element ('name', 'search')
2026-09-23 12:20:32 | INFO     | [base_page.py:28] | Clicking element: ('css selector', '#search button')
2026-09-23 12:20:33 | INFO     | [search_page.py:26] | Found 1 products in search results: ['Samsung Galaxy Tab 10.1']
2026-09-23 12:20:33 | INFO     | [search_page.py:33] | Product 'Samsung Galaxy Tab 10.1' presence check: True
2026-09-23 12:20:33 | INFO     | [test_search_unittest.py:45] | SubTest search term: 'NonExistentItem9999'
2026-09-23 12:20:33 | INFO     | [home_page.py:34] | Searching for product: 'NonExistentItem9999'
2026-09-23 12:20:33 | INFO     | [base_page.py:40] | Entering text into element ('name', 'search')
2026-09-23 12:20:33 | INFO     | [base_page.py:28] | Clicking element: ('css selector', '#search button')
2026-09-23 12:20:33 | INFO     | [base_page.py:51] | Retrieved text 'There is no product that matches the search criteria.' from element: ('xpath', "//p[contains(text(), 'There is no product that matches the search criteria.')]")
2026-09-23 12:20:33 | INFO     | [base_test_case.py:43] | --- Finished Unittest: test_search_data_driven_csv ---
2026-09-23 12:20:33 | INFO     | [base_test_case.py:20] | --- Starting Unittest: test_search_for_non_existent_product ---
2026-09-23 12:20:33 | INFO     | [driver_factory.py:26] | Initializing WebDriver for browser='chrome', headless=True
2026-09-23 12:20:33 | INFO     | [driver_factory.py:71] | WebDriver successfully initialized with implicit_wait=10s
2026-09-23 12:20:34 | INFO     | [test_search_unittest.py:27] | Running Unittest: test_search_for_non_existent_product
2026-09-23 12:20:34 | INFO     | [home_page.py:34] | Searching for product: 'NonExistentItem9999'
2026-09-23 12:20:34 | INFO     | [base_page.py:40] | Entering text into element ('name', 'search')
2026-09-23 12:20:34 | INFO     | [base_page.py:28] | Clicking element: ('css selector', '#search button')
2026-09-23 12:20:34 | INFO     | [base_page.py:51] | Retrieved text 'There is no product that matches the search criteria.' from element: ('xpath', "//p[contains(text(), 'There is no product that matches the search criteria.')]")
2026-09-23 12:20:34 | INFO     | [base_test_case.py:43] | --- Finished Unittest: test_search_for_non_existent_product ---
2026-09-23 12:20:34 | INFO     | [base_test_case.py:20] | --- Starting Unittest: test_search_for_valid_product ---
2026-09-23 12:20:34 | INFO     | [driver_factory.py:26] | Initializing WebDriver for browser='chrome', headless=True
2026-09-23 12:20:35 | INFO     | [driver_factory.py:71] | WebDriver successfully initialized with implicit_wait=10s
2026-09-23 12:20:36 | INFO     | [test_search_unittest.py:18] | Running Unittest: test_search_for_valid_product
2026-09-23 12:20:36 | INFO     | [home_page.py:34] | Searching for product: 'MacBook'
2026-09-23 12:20:36 | INFO     | [base_page.py:40] | Entering text into element ('name', 'search')
2026-09-23 12:20:36 | INFO     | [base_page.py:28] | Clicking element: ('css selector', '#search button')
2026-09-23 12:20:36 | INFO     | [search_page.py:26] | Found 3 products in search results: ['MacBook', 'MacBook Air', 'MacBook Pro']
2026-09-23 12:20:36 | INFO     | [search_page.py:33] | Product 'MacBook' presence check: True
2026-09-23 12:20:36 | INFO     | [search_page.py:26] | Found 3 products in search results: ['MacBook', 'MacBook Air', 'MacBook Pro']
2026-09-23 12:20:36 | INFO     | [base_test_case.py:43] | --- Finished Unittest: test_search_for_valid_product ---
2026-09-23 12:30:31 | INFO     | [csv_utils.py:27] | Loaded 4 rows from CSV: login_data.csv
2026-09-23 12:30:31 | INFO     | [csv_utils.py:27] | Loaded 5 rows from CSV: search_data.csv
2026-09-23 12:30:31 | INFO     | [conftest.py:42] | Starting test session with browser=chrome, headless=True
2026-09-23 12:30:31 | INFO     | [driver_factory.py:26] | Initializing WebDriver for browser='chrome', headless=True
2026-09-23 12:30:32 | INFO     | [driver_factory.py:71] | WebDriver successfully initialized with implicit_wait=10s
2026-09-23 12:30:32 | INFO     | [conftest.py:49] | Navigating to application URL: https://tutorialsninja.com/demo/
2026-09-23 12:30:32 | INFO     | [test_login.py:23] | Executing test_valid_login
2026-09-23 12:30:32 | INFO     | [home_page.py:27] | Navigating to Login page from Home page
2026-09-23 12:30:32 | INFO     | [base_page.py:28] | Clicking element: ('xpath', "//a[@title='My Account']")
2026-09-23 12:30:32 | INFO     | [base_page.py:28] | Clicking element: ('link text', 'Login')
2026-09-23 12:30:33 | INFO     | [screenshot_utils.py:30] | Screenshot successfully captured: /Users/adrika/.gemini/antigravity-ide/scratch/selenium_python_framework/reports/screenshots/test_valid_login_20260923_123033_185.png
2026-09-23 12:30:33 | INFO     | [conftest.py:54] | Tearing down WebDriver session
2026-09-23 12:30:33 | INFO     | [conftest.py:42] | Starting test session with browser=chrome, headless=True
2026-09-23 12:30:33 | INFO     | [driver_factory.py:26] | Initializing WebDriver for browser='chrome', headless=True
2026-09-23 12:30:33 | INFO     | [driver_factory.py:71] | WebDriver successfully initialized with implicit_wait=10s
2026-09-23 12:30:33 | INFO     | [conftest.py:49] | Navigating to application URL: https://tutorialsninja.com/demo/
2026-09-23 12:30:34 | INFO     | [test_login.py:56] | Executing TC_LOGIN_VALID | Outcome expected: success
2026-09-23 12:30:34 | INFO     | [home_page.py:27] | Navigating to Login page from Home page
2026-09-23 12:30:34 | INFO     | [base_page.py:28] | Clicking element: ('xpath', "//a[@title='My Account']")
2026-09-23 12:30:34 | INFO     | [base_page.py:28] | Clicking element: ('link text', 'Login')
2026-09-23 12:30:35 | INFO     | [login_page.py:37] | Attempting login with email: selenium_capstone_user@testautomation.com
2026-09-23 12:30:35 | INFO     | [base_page.py:40] | Entering text into element ('id', 'input-email')
2026-09-23 12:30:35 | INFO     | [base_page.py:40] | Entering text into element ('id', 'input-password')
2026-09-23 12:30:35 | INFO     | [base_page.py:28] | Clicking element: ('xpath', "//input[@value='Login']")
2026-09-23 12:30:36 | INFO     | [account_page.py:31] | Logging out from Account dashboard
2026-09-23 12:30:36 | INFO     | [base_page.py:28] | Clicking element: ('xpath', "//aside[@id='column-right']//a[text()='Logout']")
2026-09-23 12:30:36 | INFO     | [test_login.py:70] | TC_LOGIN_VALID completed successfully
2026-09-23 12:30:36 | INFO     | [conftest.py:54] | Tearing down WebDriver session
2026-09-23 12:30:37 | INFO     | [conftest.py:42] | Starting test session with browser=chrome, headless=True
2026-09-23 12:30:37 | INFO     | [driver_factory.py:26] | Initializing WebDriver for browser='chrome', headless=True
2026-09-23 12:30:37 | INFO     | [driver_factory.py:71] | WebDriver successfully initialized with implicit_wait=10s
2026-09-23 12:30:37 | INFO     | [conftest.py:49] | Navigating to application URL: https://tutorialsninja.com/demo/
2026-09-23 12:30:38 | INFO     | [test_login.py:56] | Executing TC_LOGIN_INVALID_PWD | Outcome expected: failure
2026-09-23 12:30:38 | INFO     | [home_page.py:27] | Navigating to Login page from Home page
2026-09-23 12:30:38 | INFO     | [base_page.py:28] | Clicking element: ('xpath', "//a[@title='My Account']")
2026-09-23 12:30:38 | INFO     | [base_page.py:28] | Clicking element: ('link text', 'Login')
2026-09-23 12:30:38 | INFO     | [login_page.py:37] | Attempting login with email: selenium_capstone_user@testautomation.com
2026-09-23 12:30:38 | INFO     | [base_page.py:40] | Entering text into element ('id', 'input-email')
2026-09-23 12:30:38 | INFO     | [base_page.py:40] | Entering text into element ('id', 'input-password')
2026-09-23 12:30:38 | INFO     | [base_page.py:28] | Clicking element: ('xpath', "//input[@value='Login']")
2026-09-23 12:30:39 | INFO     | [base_page.py:51] | Retrieved text 'Warning: No match for E-Mail Address and/or Password.' from element: ('css selector', '.alert-danger')
2026-09-23 12:30:39 | INFO     | [test_login.py:70] | TC_LOGIN_INVALID_PWD completed successfully
2026-09-23 12:30:39 | INFO     | [conftest.py:54] | Tearing down WebDriver session
2026-09-23 12:30:39 | INFO     | [conftest.py:42] | Starting test session with browser=chrome, headless=True
2026-09-23 12:30:39 | INFO     | [driver_factory.py:26] | Initializing WebDriver for browser='chrome', headless=True
2026-09-23 12:30:40 | INFO     | [driver_factory.py:71] | WebDriver successfully initialized with implicit_wait=10s
2026-09-23 12:30:40 | INFO     | [conftest.py:49] | Navigating to application URL: https://tutorialsninja.com/demo/
2026-09-23 12:30:41 | INFO     | [test_login.py:56] | Executing TC_LOGIN_INVALID_USER | Outcome expected: failure
2026-09-23 12:30:41 | INFO     | [home_page.py:27] | Navigating to Login page from Home page
2026-09-23 12:30:41 | INFO     | [base_page.py:28] | Clicking element: ('xpath', "//a[@title='My Account']")
2026-09-23 12:30:41 | INFO     | [base_page.py:28] | Clicking element: ('link text', 'Login')
2026-09-23 12:30:41 | INFO     | [login_page.py:37] | Attempting login with email: nonexistent_capstone_user_99@test.com
2026-09-23 12:30:41 | INFO     | [base_page.py:40] | Entering text into element ('id', 'input-email')
2026-09-23 12:30:41 | INFO     | [base_page.py:40] | Entering text into element ('id', 'input-password')
2026-09-23 12:30:41 | INFO     | [base_page.py:28] | Clicking element: ('xpath', "//input[@value='Login']")
2026-09-23 12:30:42 | INFO     | [base_page.py:51] | Retrieved text 'Warning: No match for E-Mail Address and/or Password.' from element: ('css selector', '.alert-danger')
2026-09-23 12:30:42 | INFO     | [test_login.py:70] | TC_LOGIN_INVALID_USER completed successfully
2026-09-23 12:30:42 | INFO     | [conftest.py:54] | Tearing down WebDriver session
2026-09-23 12:30:42 | INFO     | [conftest.py:42] | Starting test session with browser=chrome, headless=True
2026-09-23 12:30:42 | INFO     | [driver_factory.py:26] | Initializing WebDriver for browser='chrome', headless=True
2026-09-23 12:30:42 | INFO     | [driver_factory.py:71] | WebDriver successfully initialized with implicit_wait=10s
2026-09-23 12:30:42 | INFO     | [conftest.py:49] | Navigating to application URL: https://tutorialsninja.com/demo/
2026-09-23 12:30:45 | INFO     | [test_login.py:56] | Executing TC_LOGIN_EMPTY_FIELDS | Outcome expected: failure
2026-09-23 12:30:45 | INFO     | [home_page.py:27] | Navigating to Login page from Home page
2026-09-23 12:30:45 | INFO     | [base_page.py:28] | Clicking element: ('xpath', "//a[@title='My Account']")
2026-09-23 12:30:45 | INFO     | [base_page.py:28] | Clicking element: ('link text', 'Login')
2026-09-23 12:30:45 | INFO     | [login_page.py:37] | Attempting login with email: 
2026-09-23 12:30:45 | INFO     | [base_page.py:40] | Entering text into element ('id', 'input-email')
2026-09-23 12:30:45 | INFO     | [base_page.py:40] | Entering text into element ('id', 'input-password')
2026-09-23 12:30:45 | INFO     | [base_page.py:28] | Clicking element: ('xpath', "//input[@value='Login']")
2026-09-23 12:30:46 | INFO     | [base_page.py:51] | Retrieved text 'Warning: No match for E-Mail Address and/or Password.' from element: ('css selector', '.alert-danger')
2026-09-23 12:30:46 | INFO     | [test_login.py:70] | TC_LOGIN_EMPTY_FIELDS completed successfully
2026-09-23 12:30:46 | INFO     | [conftest.py:54] | Tearing down WebDriver session
2026-09-23 12:30:46 | INFO     | [conftest.py:42] | Starting test session with browser=chrome, headless=True
2026-09-23 12:30:46 | INFO     | [driver_factory.py:26] | Initializing WebDriver for browser='chrome', headless=True
2026-09-23 12:30:46 | INFO     | [driver_factory.py:71] | WebDriver successfully initialized with implicit_wait=10s
2026-09-23 12:30:46 | INFO     | [conftest.py:49] | Navigating to application URL: https://tutorialsninja.com/demo/
2026-09-23 12:30:48 | INFO     | [test_search.py:23] | Executing test_search_existing_product for 'MacBook'
2026-09-23 12:30:48 | INFO     | [home_page.py:34] | Searching for product: 'MacBook'
2026-09-23 12:30:48 | INFO     | [base_page.py:40] | Entering text into element ('name', 'search')
2026-09-23 12:30:48 | INFO     | [base_page.py:28] | Clicking element: ('css selector', '#search button')
2026-09-23 12:30:48 | INFO     | [screenshot_utils.py:30] | Screenshot successfully captured: /Users/adrika/.gemini/antigravity-ide/scratch/selenium_python_framework/reports/screenshots/test_search_existing_product_20260923_123048_412.png
2026-09-23 12:30:48 | INFO     | [conftest.py:54] | Tearing down WebDriver session
2026-09-23 12:30:48 | INFO     | [conftest.py:42] | Starting test session with browser=chrome, headless=True
2026-09-23 12:30:48 | INFO     | [driver_factory.py:26] | Initializing WebDriver for browser='chrome', headless=True
2026-09-23 12:30:48 | INFO     | [driver_factory.py:71] | WebDriver successfully initialized with implicit_wait=10s
2026-09-23 12:30:48 | INFO     | [conftest.py:49] | Navigating to application URL: https://tutorialsninja.com/demo/
2026-09-23 12:30:50 | INFO     | [test_search.py:39] | Executing test_search_non_existent_product for 'XYZNonExistentDevice999'
2026-09-23 12:30:50 | INFO     | [home_page.py:34] | Searching for product: 'XYZNonExistentDevice999'
2026-09-23 12:30:50 | INFO     | [base_page.py:40] | Entering text into element ('name', 'search')
2026-09-23 12:30:50 | INFO     | [base_page.py:28] | Clicking element: ('css selector', '#search button')
2026-09-23 12:30:50 | INFO     | [screenshot_utils.py:30] | Screenshot successfully captured: /Users/adrika/.gemini/antigravity-ide/scratch/selenium_python_framework/reports/screenshots/test_search_non_existent_product_20260923_123050_620.png
2026-09-23 12:30:50 | INFO     | [conftest.py:54] | Tearing down WebDriver session
2026-09-23 12:30:50 | INFO     | [conftest.py:42] | Starting test session with browser=chrome, headless=True
2026-09-23 12:30:50 | INFO     | [driver_factory.py:26] | Initializing WebDriver for browser='chrome', headless=True
2026-09-23 12:30:51 | INFO     | [driver_factory.py:71] | WebDriver successfully initialized with implicit_wait=10s
2026-09-23 12:30:51 | INFO     | [conftest.py:49] | Navigating to application URL: https://tutorialsninja.com/demo/
2026-09-23 12:30:52 | INFO     | [test_search.py:62] | Executing data-driven search for 'MacBook', expecting status: found
2026-09-23 12:30:52 | INFO     | [home_page.py:34] | Searching for product: 'MacBook'
2026-09-23 12:30:52 | INFO     | [base_page.py:40] | Entering text into element ('name', 'search')
2026-09-23 12:30:52 | INFO     | [base_page.py:28] | Clicking element: ('css selector', '#search button')
2026-09-23 12:30:52 | INFO     | [search_page.py:26] | Found 3 products in search results: ['MacBook', 'MacBook Air', 'MacBook Pro']
2026-09-23 12:30:52 | INFO     | [search_page.py:33] | Product 'MacBook' presence check: True
2026-09-23 12:30:52 | INFO     | [test_search.py:79] | Data-driven search test for 'MacBook' passed
2026-09-23 12:30:52 | INFO     | [conftest.py:54] | Tearing down WebDriver session
2026-09-23 12:30:52 | INFO     | [conftest.py:42] | Starting test session with browser=chrome, headless=True
2026-09-23 12:30:52 | INFO     | [driver_factory.py:26] | Initializing WebDriver for browser='chrome', headless=True
2026-09-23 12:30:52 | INFO     | [driver_factory.py:71] | WebDriver successfully initialized with implicit_wait=10s
2026-09-23 12:30:52 | INFO     | [conftest.py:49] | Navigating to application URL: https://tutorialsninja.com/demo/
2026-09-23 12:30:53 | INFO     | [test_search.py:62] | Executing data-driven search for 'iPhone', expecting status: found
2026-09-23 12:30:53 | INFO     | [home_page.py:34] | Searching for product: 'iPhone'
2026-09-23 12:30:53 | INFO     | [base_page.py:40] | Entering text into element ('name', 'search')
2026-09-23 12:30:53 | INFO     | [base_page.py:28] | Clicking element: ('css selector', '#search button')
2026-09-23 12:30:54 | INFO     | [search_page.py:26] | Found 1 products in search results: ['iPhone']
2026-09-23 12:30:54 | INFO     | [search_page.py:33] | Product 'iPhone' presence check: True
2026-09-23 12:30:54 | INFO     | [test_search.py:79] | Data-driven search test for 'iPhone' passed
2026-09-23 12:30:54 | INFO     | [conftest.py:54] | Tearing down WebDriver session
2026-09-23 12:30:54 | INFO     | [conftest.py:42] | Starting test session with browser=chrome, headless=True
2026-09-23 12:30:54 | INFO     | [driver_factory.py:26] | Initializing WebDriver for browser='chrome', headless=True
2026-09-23 12:30:54 | INFO     | [driver_factory.py:71] | WebDriver successfully initialized with implicit_wait=10s
2026-09-23 12:30:54 | INFO     | [conftest.py:49] | Navigating to application URL: https://tutorialsninja.com/demo/
2026-09-23 12:30:55 | INFO     | [test_search.py:62] | Executing data-driven search for 'Samsung SyncMaster', expecting status: found
2026-09-23 12:30:55 | INFO     | [home_page.py:34] | Searching for product: 'Samsung SyncMaster'
2026-09-23 12:30:55 | INFO     | [base_page.py:40] | Entering text into element ('name', 'search')
2026-09-23 12:30:55 | INFO     | [base_page.py:28] | Clicking element: ('css selector', '#search button')
2026-09-23 12:30:55 | INFO     | [search_page.py:26] | Found 1 products in search results: ['Samsung SyncMaster 941BW']
2026-09-23 12:30:55 | INFO     | [search_page.py:33] | Product 'Samsung SyncMaster 941BW' presence check: True
2026-09-23 12:30:55 | INFO     | [test_search.py:79] | Data-driven search test for 'Samsung SyncMaster' passed
2026-09-23 12:30:55 | INFO     | [conftest.py:54] | Tearing down WebDriver session
2026-09-23 12:30:56 | INFO     | [conftest.py:42] | Starting test session with browser=chrome, headless=True
2026-09-23 12:30:56 | INFO     | [driver_factory.py:26] | Initializing WebDriver for browser='chrome', headless=True
2026-09-23 12:30:56 | INFO     | [driver_factory.py:71] | WebDriver successfully initialized with implicit_wait=10s
2026-09-23 12:30:56 | INFO     | [conftest.py:49] | Navigating to application URL: https://tutorialsninja.com/demo/
2026-09-23 12:30:57 | INFO     | [test_search.py:62] | Executing data-driven search for 'Samsung Galaxy', expecting status: found
2026-09-23 12:30:57 | INFO     | [home_page.py:34] | Searching for product: 'Samsung Galaxy'
2026-09-23 12:30:57 | INFO     | [base_page.py:40] | Entering text into element ('name', 'search')
2026-09-23 12:30:57 | INFO     | [base_page.py:28] | Clicking element: ('css selector', '#search button')
2026-09-23 12:30:57 | INFO     | [search_page.py:26] | Found 1 products in search results: ['Samsung Galaxy Tab 10.1']
2026-09-23 12:30:57 | INFO     | [search_page.py:33] | Product 'Samsung Galaxy Tab 10.1' presence check: True
2026-09-23 12:30:57 | INFO     | [test_search.py:79] | Data-driven search test for 'Samsung Galaxy' passed
2026-09-23 12:30:57 | INFO     | [conftest.py:54] | Tearing down WebDriver session
2026-09-23 12:30:57 | INFO     | [conftest.py:42] | Starting test session with browser=chrome, headless=True
2026-09-23 12:30:57 | INFO     | [driver_factory.py:26] | Initializing WebDriver for browser='chrome', headless=True
2026-09-23 12:30:58 | INFO     | [driver_factory.py:71] | WebDriver successfully initialized with implicit_wait=10s
2026-09-23 12:30:58 | INFO     | [conftest.py:49] | Navigating to application URL: https://tutorialsninja.com/demo/
2026-09-23 12:30:58 | INFO     | [test_search.py:62] | Executing data-driven search for 'NonExistentItem9999', expecting status: not_found
2026-09-23 12:30:58 | INFO     | [home_page.py:34] | Searching for product: 'NonExistentItem9999'
2026-09-23 12:30:58 | INFO     | [base_page.py:40] | Entering text into element ('name', 'search')
2026-09-23 12:30:58 | INFO     | [base_page.py:28] | Clicking element: ('css selector', '#search button')
2026-09-23 12:30:59 | INFO     | [base_page.py:51] | Retrieved text 'There is no product that matches the search criteria.' from element: ('xpath', "//p[contains(text(), 'There is no product that matches the search criteria.')]")
2026-09-23 12:30:59 | INFO     | [test_search.py:79] | Data-driven search test for 'NonExistentItem9999' passed
2026-09-23 12:30:59 | INFO     | [conftest.py:54] | Tearing down WebDriver session
2026-09-23 12:30:59 | INFO     | [base_test_case.py:20] | --- Starting Unittest: test_invalid_login_permutations_csv ---
2026-09-23 12:30:59 | INFO     | [driver_factory.py:26] | Initializing WebDriver for browser='chrome', headless=True
2026-09-23 12:30:59 | INFO     | [driver_factory.py:71] | WebDriver successfully initialized with implicit_wait=10s
2026-09-23 12:31:00 | INFO     | [test_login_unittest.py:37] | Running Unittest: test_invalid_login_permutations_csv
2026-09-23 12:31:00 | INFO     | [csv_utils.py:27] | Loaded 4 rows from CSV: login_data.csv
2026-09-23 12:31:00 | INFO     | [test_login_unittest.py:48] | SubTest [TC_LOGIN_VALID] executing with email='selenium_capstone_user@testautomation.com'
2026-09-23 12:31:00 | INFO     | [home_page.py:27] | Navigating to Login page from Home page
2026-09-23 12:31:00 | INFO     | [base_page.py:28] | Clicking element: ('xpath', "//a[@title='My Account']")
2026-09-23 12:31:00 | INFO     | [base_page.py:28] | Clicking element: ('link text', 'Login')
2026-09-23 12:31:00 | INFO     | [login_page.py:37] | Attempting login with email: selenium_capstone_user@testautomation.com
2026-09-23 12:31:00 | INFO     | [base_page.py:40] | Entering text into element ('id', 'input-email')
2026-09-23 12:31:00 | INFO     | [base_page.py:40] | Entering text into element ('id', 'input-password')
2026-09-23 12:31:00 | INFO     | [base_page.py:28] | Clicking element: ('xpath', "//input[@value='Login']")
2026-09-23 12:31:02 | INFO     | [account_page.py:31] | Logging out from Account dashboard
2026-09-23 12:31:02 | INFO     | [base_page.py:28] | Clicking element: ('xpath', "//aside[@id='column-right']//a[text()='Logout']")
2026-09-23 12:31:03 | INFO     | [test_login_unittest.py:48] | SubTest [TC_LOGIN_INVALID_PWD] executing with email='selenium_capstone_user@testautomation.com'
2026-09-23 12:31:03 | INFO     | [home_page.py:27] | Navigating to Login page from Home page
2026-09-23 12:31:03 | INFO     | [base_page.py:28] | Clicking element: ('xpath', "//a[@title='My Account']")
2026-09-23 12:31:03 | INFO     | [base_page.py:28] | Clicking element: ('link text', 'Login')
2026-09-23 12:31:03 | INFO     | [login_page.py:37] | Attempting login with email: selenium_capstone_user@testautomation.com
2026-09-23 12:31:03 | INFO     | [base_page.py:40] | Entering text into element ('id', 'input-email')
2026-09-23 12:31:03 | INFO     | [base_page.py:40] | Entering text into element ('id', 'input-password')
2026-09-23 12:31:03 | INFO     | [base_page.py:28] | Clicking element: ('xpath', "//input[@value='Login']")
2026-09-23 12:31:04 | INFO     | [base_page.py:51] | Retrieved text 'Warning: No match for E-Mail Address and/or Password.' from element: ('css selector', '.alert-danger')
2026-09-23 12:31:04 | INFO     | [test_login_unittest.py:48] | SubTest [TC_LOGIN_INVALID_USER] executing with email='nonexistent_capstone_user_99@test.com'
2026-09-23 12:31:04 | INFO     | [home_page.py:27] | Navigating to Login page from Home page
2026-09-23 12:31:04 | INFO     | [base_page.py:28] | Clicking element: ('xpath', "//a[@title='My Account']")
2026-09-23 12:31:04 | INFO     | [base_page.py:28] | Clicking element: ('link text', 'Login')
2026-09-23 12:31:04 | INFO     | [login_page.py:37] | Attempting login with email: nonexistent_capstone_user_99@test.com
2026-09-23 12:31:04 | INFO     | [base_page.py:40] | Entering text into element ('id', 'input-email')
2026-09-23 12:31:04 | INFO     | [base_page.py:40] | Entering text into element ('id', 'input-password')
2026-09-23 12:31:04 | INFO     | [base_page.py:28] | Clicking element: ('xpath', "//input[@value='Login']")
2026-09-23 12:31:05 | INFO     | [base_page.py:51] | Retrieved text 'Warning: No match for E-Mail Address and/or Password.' from element: ('css selector', '.alert-danger')
2026-09-23 12:31:05 | INFO     | [test_login_unittest.py:48] | SubTest [TC_LOGIN_EMPTY_FIELDS] executing with email=''
2026-09-23 12:31:05 | INFO     | [home_page.py:27] | Navigating to Login page from Home page
2026-09-23 12:31:05 | INFO     | [base_page.py:28] | Clicking element: ('xpath', "//a[@title='My Account']")
2026-09-23 12:31:05 | INFO     | [base_page.py:28] | Clicking element: ('link text', 'Login')
2026-09-23 12:31:05 | INFO     | [login_page.py:37] | Attempting login with email: 
2026-09-23 12:31:05 | INFO     | [base_page.py:40] | Entering text into element ('id', 'input-email')
2026-09-23 12:31:05 | INFO     | [base_page.py:40] | Entering text into element ('id', 'input-password')
2026-09-23 12:31:05 | INFO     | [base_page.py:28] | Clicking element: ('xpath', "//input[@value='Login']")
2026-09-23 12:31:06 | INFO     | [base_page.py:51] | Retrieved text 'Warning: No match for E-Mail Address and/or Password.' from element: ('css selector', '.alert-danger')
2026-09-23 12:31:06 | INFO     | [base_test_case.py:43] | --- Finished Unittest: test_invalid_login_permutations_csv ---
2026-09-23 12:31:06 | INFO     | [base_test_case.py:20] | --- Starting Unittest: test_valid_user_login ---
2026-09-23 12:31:06 | INFO     | [driver_factory.py:26] | Initializing WebDriver for browser='chrome', headless=True
2026-09-23 12:31:06 | INFO     | [driver_factory.py:71] | WebDriver successfully initialized with implicit_wait=10s
2026-09-23 12:31:07 | INFO     | [test_login_unittest.py:19] | Running Unittest: test_valid_user_login
2026-09-23 12:31:07 | INFO     | [home_page.py:27] | Navigating to Login page from Home page
2026-09-23 12:31:07 | INFO     | [base_page.py:28] | Clicking element: ('xpath', "//a[@title='My Account']")
2026-09-23 12:31:08 | INFO     | [base_page.py:28] | Clicking element: ('link text', 'Login')
2026-09-23 12:31:08 | INFO     | [login_page.py:37] | Attempting login with email: selenium_capstone_user@testautomation.com
2026-09-23 12:31:08 | INFO     | [base_page.py:40] | Entering text into element ('id', 'input-email')
2026-09-23 12:31:08 | INFO     | [base_page.py:40] | Entering text into element ('id', 'input-password')
2026-09-23 12:31:08 | INFO     | [base_page.py:28] | Clicking element: ('xpath', "//input[@value='Login']")
2026-09-23 12:31:08 | INFO     | [base_page.py:80] | Current page title: 'My Account'
2026-09-23 12:31:08 | INFO     | [account_page.py:31] | Logging out from Account dashboard
2026-09-23 12:31:08 | INFO     | [base_page.py:28] | Clicking element: ('xpath', "//aside[@id='column-right']//a[text()='Logout']")
2026-09-23 12:31:09 | INFO     | [base_test_case.py:43] | --- Finished Unittest: test_valid_user_login ---
2026-09-23 12:31:09 | INFO     | [base_test_case.py:20] | --- Starting Unittest: test_search_data_driven_csv ---
2026-09-23 12:31:09 | INFO     | [driver_factory.py:26] | Initializing WebDriver for browser='chrome', headless=True
2026-09-23 12:31:09 | INFO     | [driver_factory.py:71] | WebDriver successfully initialized with implicit_wait=10s
2026-09-23 12:31:10 | INFO     | [test_search_unittest.py:36] | Running Unittest: test_search_data_driven_csv
2026-09-23 12:31:10 | INFO     | [csv_utils.py:27] | Loaded 5 rows from CSV: search_data.csv
2026-09-23 12:31:10 | INFO     | [test_search_unittest.py:45] | SubTest search term: 'MacBook'
2026-09-23 12:31:10 | INFO     | [home_page.py:34] | Searching for product: 'MacBook'
2026-09-23 12:31:10 | INFO     | [base_page.py:40] | Entering text into element ('name', 'search')
2026-09-23 12:31:10 | INFO     | [base_page.py:28] | Clicking element: ('css selector', '#search button')
2026-09-23 12:31:10 | INFO     | [search_page.py:26] | Found 3 products in search results: ['MacBook', 'MacBook Air', 'MacBook Pro']
2026-09-23 12:31:10 | INFO     | [search_page.py:33] | Product 'MacBook' presence check: True
2026-09-23 12:31:10 | INFO     | [test_search_unittest.py:45] | SubTest search term: 'iPhone'
2026-09-23 12:31:10 | INFO     | [home_page.py:34] | Searching for product: 'iPhone'
2026-09-23 12:31:10 | INFO     | [base_page.py:40] | Entering text into element ('name', 'search')
2026-09-23 12:31:10 | INFO     | [base_page.py:28] | Clicking element: ('css selector', '#search button')
2026-09-23 12:31:11 | INFO     | [search_page.py:26] | Found 1 products in search results: ['iPhone']
2026-09-23 12:31:11 | INFO     | [search_page.py:33] | Product 'iPhone' presence check: True
2026-09-23 12:31:11 | INFO     | [test_search_unittest.py:45] | SubTest search term: 'Samsung SyncMaster'
2026-09-23 12:31:11 | INFO     | [home_page.py:34] | Searching for product: 'Samsung SyncMaster'
2026-09-23 12:31:11 | INFO     | [base_page.py:40] | Entering text into element ('name', 'search')
2026-09-23 12:31:11 | INFO     | [base_page.py:28] | Clicking element: ('css selector', '#search button')
2026-09-23 12:31:11 | INFO     | [search_page.py:26] | Found 1 products in search results: ['Samsung SyncMaster 941BW']
2026-09-23 12:31:11 | INFO     | [search_page.py:33] | Product 'Samsung SyncMaster 941BW' presence check: True
2026-09-23 12:31:11 | INFO     | [test_search_unittest.py:45] | SubTest search term: 'Samsung Galaxy'
2026-09-23 12:31:11 | INFO     | [home_page.py:34] | Searching for product: 'Samsung Galaxy'
2026-09-23 12:31:11 | INFO     | [base_page.py:40] | Entering text into element ('name', 'search')
2026-09-23 12:31:11 | INFO     | [base_page.py:28] | Clicking element: ('css selector', '#search button')
2026-09-23 12:31:11 | INFO     | [search_page.py:26] | Found 1 products in search results: ['Samsung Galaxy Tab 10.1']
2026-09-23 12:31:11 | INFO     | [search_page.py:33] | Product 'Samsung Galaxy Tab 10.1' presence check: True
2026-09-23 12:31:11 | INFO     | [test_search_unittest.py:45] | SubTest search term: 'NonExistentItem9999'
2026-09-23 12:31:11 | INFO     | [home_page.py:34] | Searching for product: 'NonExistentItem9999'
2026-09-23 12:31:11 | INFO     | [base_page.py:40] | Entering text into element ('name', 'search')
2026-09-23 12:31:11 | INFO     | [base_page.py:28] | Clicking element: ('css selector', '#search button')
2026-09-23 12:31:12 | INFO     | [base_page.py:51] | Retrieved text 'There is no product that matches the search criteria.' from element: ('xpath', "//p[contains(text(), 'There is no product that matches the search criteria.')]")
2026-09-23 12:31:12 | INFO     | [base_test_case.py:43] | --- Finished Unittest: test_search_data_driven_csv ---
2026-09-23 12:31:12 | INFO     | [base_test_case.py:20] | --- Starting Unittest: test_search_for_non_existent_product ---
2026-09-23 12:31:12 | INFO     | [driver_factory.py:26] | Initializing WebDriver for browser='chrome', headless=True
2026-09-23 12:31:12 | INFO     | [driver_factory.py:71] | WebDriver successfully initialized with implicit_wait=10s
2026-09-23 12:31:13 | INFO     | [test_search_unittest.py:27] | Running Unittest: test_search_for_non_existent_product
2026-09-23 12:31:13 | INFO     | [home_page.py:34] | Searching for product: 'NonExistentItem9999'
2026-09-23 12:31:13 | INFO     | [base_page.py:40] | Entering text into element ('name', 'search')
2026-09-23 12:31:13 | INFO     | [base_page.py:28] | Clicking element: ('css selector', '#search button')
2026-09-23 12:31:13 | INFO     | [base_page.py:51] | Retrieved text 'There is no product that matches the search criteria.' from element: ('xpath', "//p[contains(text(), 'There is no product that matches the search criteria.')]")
2026-09-23 12:31:13 | INFO     | [base_test_case.py:43] | --- Finished Unittest: test_search_for_non_existent_product ---
2026-09-23 12:31:13 | INFO     | [base_test_case.py:20] | --- Starting Unittest: test_search_for_valid_product ---
2026-09-23 12:31:13 | INFO     | [driver_factory.py:26] | Initializing WebDriver for browser='chrome', headless=True
2026-09-23 12:31:14 | INFO     | [driver_factory.py:71] | WebDriver successfully initialized with implicit_wait=10s
2026-09-23 12:31:14 | INFO     | [test_search_unittest.py:18] | Running Unittest: test_search_for_valid_product
2026-09-23 12:31:14 | INFO     | [home_page.py:34] | Searching for product: 'MacBook'
2026-09-23 12:31:14 | INFO     | [base_page.py:40] | Entering text into element ('name', 'search')
2026-09-23 12:31:15 | INFO     | [base_page.py:28] | Clicking element: ('css selector', '#search button')
2026-09-23 12:31:15 | INFO     | [search_page.py:26] | Found 3 products in search results: ['MacBook', 'MacBook Air', 'MacBook Pro']
2026-09-23 12:31:15 | INFO     | [search_page.py:33] | Product 'MacBook' presence check: True
2026-09-23 12:31:15 | INFO     | [search_page.py:26] | Found 3 products in search results: ['MacBook', 'MacBook Air', 'MacBook Pro']
2026-09-23 12:31:15 | INFO     | [base_test_case.py:43] | --- Finished Unittest: test_search_for_valid_product ---
2026-09-23 12:31:44 | INFO     | [csv_utils.py:27] | Loaded 4 rows from CSV: login_data.csv
2026-09-23 12:31:44 | INFO     | [csv_utils.py:27] | Loaded 5 rows from CSV: search_data.csv
2026-09-23 12:31:44 | INFO     | [conftest.py:42] | Starting test session with browser=chrome, headless=True
2026-09-23 12:31:44 | INFO     | [driver_factory.py:26] | Initializing WebDriver for browser='chrome', headless=True
2026-09-23 12:31:45 | INFO     | [driver_factory.py:71] | WebDriver successfully initialized with implicit_wait=10s
2026-09-23 12:31:45 | INFO     | [conftest.py:49] | Navigating to application URL: https://tutorialsninja.com/demo/
2026-09-23 12:31:46 | INFO     | [test_login.py:24] | Executing test_valid_login
2026-09-23 12:31:46 | INFO     | [home_page.py:27] | Navigating to Login page from Home page
2026-09-23 12:31:46 | INFO     | [base_page.py:28] | Clicking element: ('xpath', "//a[@title='My Account']")
2026-09-23 12:31:46 | INFO     | [base_page.py:28] | Clicking element: ('link text', 'Login')
2026-09-23 12:31:46 | INFO     | [screenshot_utils.py:30] | Screenshot successfully captured: /Users/adrika/.gemini/antigravity-ide/scratch/selenium_python_framework/reports/screenshots/step_01_login_page_20260923_123146_683.png
2026-09-23 12:31:46 | INFO     | [login_page.py:37] | Attempting login with email: selenium_capstone_user@testautomation.com
2026-09-23 12:31:46 | INFO     | [base_page.py:40] | Entering text into element ('id', 'input-email')
2026-09-23 12:31:46 | INFO     | [base_page.py:40] | Entering text into element ('id', 'input-password')
2026-09-23 12:31:46 | INFO     | [base_page.py:28] | Clicking element: ('xpath', "//input[@value='Login']")
2026-09-23 12:31:47 | INFO     | [screenshot_utils.py:30] | Screenshot successfully captured: /Users/adrika/.gemini/antigravity-ide/scratch/selenium_python_framework/reports/screenshots/step_02_account_dashboard_20260923_123146_841.png
2026-09-23 12:31:47 | INFO     | [base_page.py:80] | Current page title: 'My Account'
2026-09-23 12:31:47 | INFO     | [account_page.py:31] | Logging out from Account dashboard
2026-09-23 12:31:47 | INFO     | [base_page.py:28] | Clicking element: ('xpath', "//aside[@id='column-right']//a[text()='Logout']")
2026-09-23 12:31:48 | INFO     | [test_login.py:42] | test_valid_login passed successfully
2026-09-23 12:31:48 | INFO     | [conftest.py:54] | Tearing down WebDriver session
2026-09-23 12:31:48 | INFO     | [conftest.py:42] | Starting test session with browser=chrome, headless=True
2026-09-23 12:31:48 | INFO     | [driver_factory.py:26] | Initializing WebDriver for browser='chrome', headless=True
2026-09-23 12:31:48 | INFO     | [driver_factory.py:71] | WebDriver successfully initialized with implicit_wait=10s
2026-09-23 12:31:48 | INFO     | [conftest.py:49] | Navigating to application URL: https://tutorialsninja.com/demo/
2026-09-23 12:31:49 | INFO     | [test_login.py:57] | Executing TC_LOGIN_VALID | Outcome expected: success
2026-09-23 12:31:49 | INFO     | [home_page.py:27] | Navigating to Login page from Home page
2026-09-23 12:31:49 | INFO     | [base_page.py:28] | Clicking element: ('xpath', "//a[@title='My Account']")
2026-09-23 12:31:49 | INFO     | [base_page.py:28] | Clicking element: ('link text', 'Login')
2026-09-23 12:31:50 | INFO     | [login_page.py:37] | Attempting login with email: selenium_capstone_user@testautomation.com
2026-09-23 12:31:50 | INFO     | [base_page.py:40] | Entering text into element ('id', 'input-email')
2026-09-23 12:31:50 | INFO     | [base_page.py:40] | Entering text into element ('id', 'input-password')
2026-09-23 12:31:50 | INFO     | [base_page.py:28] | Clicking element: ('xpath', "//input[@value='Login']")
2026-09-23 12:31:51 | INFO     | [account_page.py:31] | Logging out from Account dashboard
2026-09-23 12:31:51 | INFO     | [base_page.py:28] | Clicking element: ('xpath', "//aside[@id='column-right']//a[text()='Logout']")
2026-09-23 12:31:51 | INFO     | [test_login.py:71] | TC_LOGIN_VALID completed successfully
2026-09-23 12:31:51 | INFO     | [conftest.py:54] | Tearing down WebDriver session
2026-09-23 12:31:52 | INFO     | [conftest.py:42] | Starting test session with browser=chrome, headless=True
2026-09-23 12:31:52 | INFO     | [driver_factory.py:26] | Initializing WebDriver for browser='chrome', headless=True
2026-09-23 12:31:52 | INFO     | [driver_factory.py:71] | WebDriver successfully initialized with implicit_wait=10s
2026-09-23 12:31:52 | INFO     | [conftest.py:49] | Navigating to application URL: https://tutorialsninja.com/demo/
2026-09-23 12:31:53 | INFO     | [test_login.py:57] | Executing TC_LOGIN_INVALID_PWD | Outcome expected: failure
2026-09-23 12:31:53 | INFO     | [home_page.py:27] | Navigating to Login page from Home page
2026-09-23 12:31:53 | INFO     | [base_page.py:28] | Clicking element: ('xpath', "//a[@title='My Account']")
2026-09-23 12:31:53 | INFO     | [base_page.py:28] | Clicking element: ('link text', 'Login')
2026-09-23 12:31:53 | INFO     | [login_page.py:37] | Attempting login with email: selenium_capstone_user@testautomation.com
2026-09-23 12:31:53 | INFO     | [base_page.py:40] | Entering text into element ('id', 'input-email')
2026-09-23 12:31:53 | INFO     | [base_page.py:40] | Entering text into element ('id', 'input-password')
2026-09-23 12:31:53 | INFO     | [base_page.py:28] | Clicking element: ('xpath', "//input[@value='Login']")
2026-09-23 12:31:54 | INFO     | [base_page.py:51] | Retrieved text 'Warning: No match for E-Mail Address and/or Password.' from element: ('css selector', '.alert-danger')
2026-09-23 12:31:54 | INFO     | [test_login.py:71] | TC_LOGIN_INVALID_PWD completed successfully
2026-09-23 12:31:54 | INFO     | [conftest.py:54] | Tearing down WebDriver session
2026-09-23 12:31:54 | INFO     | [conftest.py:42] | Starting test session with browser=chrome, headless=True
2026-09-23 12:31:54 | INFO     | [driver_factory.py:26] | Initializing WebDriver for browser='chrome', headless=True
2026-09-23 12:31:54 | INFO     | [driver_factory.py:71] | WebDriver successfully initialized with implicit_wait=10s
2026-09-23 12:31:54 | INFO     | [conftest.py:49] | Navigating to application URL: https://tutorialsninja.com/demo/
2026-09-23 12:31:55 | INFO     | [test_login.py:57] | Executing TC_LOGIN_INVALID_USER | Outcome expected: failure
2026-09-23 12:31:55 | INFO     | [home_page.py:27] | Navigating to Login page from Home page
2026-09-23 12:31:55 | INFO     | [base_page.py:28] | Clicking element: ('xpath', "//a[@title='My Account']")
2026-09-23 12:31:55 | INFO     | [base_page.py:28] | Clicking element: ('link text', 'Login')
2026-09-23 12:31:55 | INFO     | [login_page.py:37] | Attempting login with email: nonexistent_capstone_user_99@test.com
2026-09-23 12:31:56 | INFO     | [base_page.py:40] | Entering text into element ('id', 'input-email')
2026-09-23 12:31:56 | INFO     | [base_page.py:40] | Entering text into element ('id', 'input-password')
2026-09-23 12:31:56 | INFO     | [base_page.py:28] | Clicking element: ('xpath', "//input[@value='Login']")
2026-09-23 12:31:56 | INFO     | [base_page.py:51] | Retrieved text 'Warning: No match for E-Mail Address and/or Password.' from element: ('css selector', '.alert-danger')
2026-09-23 12:31:56 | INFO     | [test_login.py:71] | TC_LOGIN_INVALID_USER completed successfully
2026-09-23 12:31:56 | INFO     | [conftest.py:54] | Tearing down WebDriver session
2026-09-23 12:31:56 | INFO     | [conftest.py:42] | Starting test session with browser=chrome, headless=True
2026-09-23 12:31:56 | INFO     | [driver_factory.py:26] | Initializing WebDriver for browser='chrome', headless=True
2026-09-23 12:31:57 | INFO     | [driver_factory.py:71] | WebDriver successfully initialized with implicit_wait=10s
2026-09-23 12:31:57 | INFO     | [conftest.py:49] | Navigating to application URL: https://tutorialsninja.com/demo/
2026-09-23 12:31:58 | INFO     | [test_login.py:57] | Executing TC_LOGIN_EMPTY_FIELDS | Outcome expected: failure
2026-09-23 12:31:58 | INFO     | [home_page.py:27] | Navigating to Login page from Home page
2026-09-23 12:31:58 | INFO     | [base_page.py:28] | Clicking element: ('xpath', "//a[@title='My Account']")
2026-09-23 12:31:58 | INFO     | [base_page.py:28] | Clicking element: ('link text', 'Login')
2026-09-23 12:31:58 | INFO     | [login_page.py:37] | Attempting login with email: 
2026-09-23 12:31:58 | INFO     | [base_page.py:40] | Entering text into element ('id', 'input-email')
2026-09-23 12:31:58 | INFO     | [base_page.py:40] | Entering text into element ('id', 'input-password')
2026-09-23 12:31:58 | INFO     | [base_page.py:28] | Clicking element: ('xpath', "//input[@value='Login']")
2026-09-23 12:31:59 | INFO     | [base_page.py:51] | Retrieved text 'Warning: No match for E-Mail Address and/or Password.' from element: ('css selector', '.alert-danger')
2026-09-23 12:31:59 | INFO     | [test_login.py:71] | TC_LOGIN_EMPTY_FIELDS completed successfully
2026-09-23 12:31:59 | INFO     | [conftest.py:54] | Tearing down WebDriver session
2026-09-23 12:31:59 | INFO     | [conftest.py:42] | Starting test session with browser=chrome, headless=True
2026-09-23 12:31:59 | INFO     | [driver_factory.py:26] | Initializing WebDriver for browser='chrome', headless=True
2026-09-23 12:32:00 | INFO     | [driver_factory.py:71] | WebDriver successfully initialized with implicit_wait=10s
2026-09-23 12:32:00 | INFO     | [conftest.py:49] | Navigating to application URL: https://tutorialsninja.com/demo/
2026-09-23 12:32:00 | INFO     | [test_search.py:24] | Executing test_search_existing_product for 'MacBook'
2026-09-23 12:32:00 | INFO     | [home_page.py:34] | Searching for product: 'MacBook'
2026-09-23 12:32:00 | INFO     | [base_page.py:40] | Entering text into element ('name', 'search')
2026-09-23 12:32:00 | INFO     | [base_page.py:28] | Clicking element: ('css selector', '#search button')
2026-09-23 12:32:01 | INFO     | [screenshot_utils.py:30] | Screenshot successfully captured: /Users/adrika/.gemini/antigravity-ide/scratch/selenium_python_framework/reports/screenshots/step_03_search_macbook_20260923_123201_243.png
2026-09-23 12:32:01 | INFO     | [search_page.py:26] | Found 3 products in search results: ['MacBook', 'MacBook Air', 'MacBook Pro']
2026-09-23 12:32:01 | INFO     | [search_page.py:26] | Found 3 products in search results: ['MacBook', 'MacBook Air', 'MacBook Pro']
2026-09-23 12:32:01 | INFO     | [search_page.py:33] | Product 'MacBook' presence check: True
2026-09-23 12:32:01 | INFO     | [test_search.py:32] | test_search_existing_product passed successfully
2026-09-23 12:32:01 | INFO     | [conftest.py:54] | Tearing down WebDriver session
2026-09-23 12:32:01 | INFO     | [conftest.py:42] | Starting test session with browser=chrome, headless=True
2026-09-23 12:32:01 | INFO     | [driver_factory.py:26] | Initializing WebDriver for browser='chrome', headless=True
2026-09-23 12:32:01 | INFO     | [driver_factory.py:71] | WebDriver successfully initialized with implicit_wait=10s
2026-09-23 12:32:01 | INFO     | [conftest.py:49] | Navigating to application URL: https://tutorialsninja.com/demo/
2026-09-23 12:32:02 | INFO     | [test_search.py:40] | Executing test_search_non_existent_product for 'XYZNonExistentDevice999'
2026-09-23 12:32:02 | INFO     | [home_page.py:34] | Searching for product: 'XYZNonExistentDevice999'
2026-09-23 12:32:02 | INFO     | [base_page.py:40] | Entering text into element ('name', 'search')
2026-09-23 12:32:02 | INFO     | [base_page.py:28] | Clicking element: ('css selector', '#search button')
2026-09-23 12:32:02 | INFO     | [screenshot_utils.py:30] | Screenshot successfully captured: /Users/adrika/.gemini/antigravity-ide/scratch/selenium_python_framework/reports/screenshots/step_04_search_not_found_20260923_123202_922.png
2026-09-23 12:32:02 | INFO     | [base_page.py:51] | Retrieved text 'There is no product that matches the search criteria.' from element: ('xpath', "//p[contains(text(), 'There is no product that matches the search criteria.')]")
2026-09-23 12:32:02 | INFO     | [test_search.py:48] | test_search_non_existent_product passed successfully
2026-09-23 12:32:02 | INFO     | [conftest.py:54] | Tearing down WebDriver session
2026-09-23 12:32:03 | INFO     | [conftest.py:42] | Starting test session with browser=chrome, headless=True
2026-09-23 12:32:03 | INFO     | [driver_factory.py:26] | Initializing WebDriver for browser='chrome', headless=True
2026-09-23 12:32:03 | INFO     | [driver_factory.py:71] | WebDriver successfully initialized with implicit_wait=10s
2026-09-23 12:32:03 | INFO     | [conftest.py:49] | Navigating to application URL: https://tutorialsninja.com/demo/
2026-09-23 12:32:04 | INFO     | [test_search.py:63] | Executing data-driven search for 'MacBook', expecting status: found
2026-09-23 12:32:04 | INFO     | [home_page.py:34] | Searching for product: 'MacBook'
2026-09-23 12:32:04 | INFO     | [base_page.py:40] | Entering text into element ('name', 'search')
2026-09-23 12:32:04 | INFO     | [base_page.py:28] | Clicking element: ('css selector', '#search button')
2026-09-23 12:32:04 | INFO     | [search_page.py:26] | Found 3 products in search results: ['MacBook', 'MacBook Air', 'MacBook Pro']
2026-09-23 12:32:04 | INFO     | [search_page.py:33] | Product 'MacBook' presence check: True
2026-09-23 12:32:04 | INFO     | [test_search.py:80] | Data-driven search test for 'MacBook' passed
2026-09-23 12:32:04 | INFO     | [conftest.py:54] | Tearing down WebDriver session
2026-09-23 12:32:04 | INFO     | [conftest.py:42] | Starting test session with browser=chrome, headless=True
2026-09-23 12:32:04 | INFO     | [driver_factory.py:26] | Initializing WebDriver for browser='chrome', headless=True
2026-09-23 12:32:04 | INFO     | [driver_factory.py:71] | WebDriver successfully initialized with implicit_wait=10s
2026-09-23 12:32:04 | INFO     | [conftest.py:49] | Navigating to application URL: https://tutorialsninja.com/demo/
2026-09-23 12:32:05 | INFO     | [test_search.py:63] | Executing data-driven search for 'iPhone', expecting status: found
2026-09-23 12:32:05 | INFO     | [home_page.py:34] | Searching for product: 'iPhone'
2026-09-23 12:32:05 | INFO     | [base_page.py:40] | Entering text into element ('name', 'search')
2026-09-23 12:32:05 | INFO     | [base_page.py:28] | Clicking element: ('css selector', '#search button')
2026-09-23 12:32:06 | INFO     | [search_page.py:26] | Found 1 products in search results: ['iPhone']
2026-09-23 12:32:06 | INFO     | [search_page.py:33] | Product 'iPhone' presence check: True
2026-09-23 12:32:06 | INFO     | [test_search.py:80] | Data-driven search test for 'iPhone' passed
2026-09-23 12:32:06 | INFO     | [conftest.py:54] | Tearing down WebDriver session
2026-09-23 12:32:06 | INFO     | [conftest.py:42] | Starting test session with browser=chrome, headless=True
2026-09-23 12:32:06 | INFO     | [driver_factory.py:26] | Initializing WebDriver for browser='chrome', headless=True
2026-09-23 12:32:06 | INFO     | [driver_factory.py:71] | WebDriver successfully initialized with implicit_wait=10s
2026-09-23 12:32:06 | INFO     | [conftest.py:49] | Navigating to application URL: https://tutorialsninja.com/demo/
2026-09-23 12:32:07 | INFO     | [test_search.py:63] | Executing data-driven search for 'Samsung SyncMaster', expecting status: found
2026-09-23 12:32:07 | INFO     | [home_page.py:34] | Searching for product: 'Samsung SyncMaster'
2026-09-23 12:32:07 | INFO     | [base_page.py:40] | Entering text into element ('name', 'search')
2026-09-23 12:32:07 | INFO     | [base_page.py:28] | Clicking element: ('css selector', '#search button')
2026-09-23 12:32:07 | INFO     | [search_page.py:26] | Found 1 products in search results: ['Samsung SyncMaster 941BW']
2026-09-23 12:32:07 | INFO     | [search_page.py:33] | Product 'Samsung SyncMaster 941BW' presence check: True
2026-09-23 12:32:07 | INFO     | [test_search.py:80] | Data-driven search test for 'Samsung SyncMaster' passed
2026-09-23 12:32:07 | INFO     | [conftest.py:54] | Tearing down WebDriver session
2026-09-23 12:32:07 | INFO     | [conftest.py:42] | Starting test session with browser=chrome, headless=True
2026-09-23 12:32:07 | INFO     | [driver_factory.py:26] | Initializing WebDriver for browser='chrome', headless=True
2026-09-23 12:32:08 | INFO     | [driver_factory.py:71] | WebDriver successfully initialized with implicit_wait=10s
2026-09-23 12:32:08 | INFO     | [conftest.py:49] | Navigating to application URL: https://tutorialsninja.com/demo/
2026-09-23 12:32:09 | INFO     | [test_search.py:63] | Executing data-driven search for 'Samsung Galaxy', expecting status: found
2026-09-23 12:32:09 | INFO     | [home_page.py:34] | Searching for product: 'Samsung Galaxy'
2026-09-23 12:32:09 | INFO     | [base_page.py:40] | Entering text into element ('name', 'search')
2026-09-23 12:32:09 | INFO     | [base_page.py:28] | Clicking element: ('css selector', '#search button')
2026-09-23 12:32:09 | INFO     | [search_page.py:26] | Found 1 products in search results: ['Samsung Galaxy Tab 10.1']
2026-09-23 12:32:09 | INFO     | [search_page.py:33] | Product 'Samsung Galaxy Tab 10.1' presence check: True
2026-09-23 12:32:09 | INFO     | [test_search.py:80] | Data-driven search test for 'Samsung Galaxy' passed
2026-09-23 12:32:09 | INFO     | [conftest.py:54] | Tearing down WebDriver session
2026-09-23 12:32:09 | INFO     | [conftest.py:42] | Starting test session with browser=chrome, headless=True
2026-09-23 12:32:09 | INFO     | [driver_factory.py:26] | Initializing WebDriver for browser='chrome', headless=True
2026-09-23 12:32:09 | INFO     | [driver_factory.py:71] | WebDriver successfully initialized with implicit_wait=10s
2026-09-23 12:32:09 | INFO     | [conftest.py:49] | Navigating to application URL: https://tutorialsninja.com/demo/
2026-09-23 12:32:10 | INFO     | [test_search.py:63] | Executing data-driven search for 'NonExistentItem9999', expecting status: not_found
2026-09-23 12:32:10 | INFO     | [home_page.py:34] | Searching for product: 'NonExistentItem9999'
2026-09-23 12:32:10 | INFO     | [base_page.py:40] | Entering text into element ('name', 'search')
2026-09-23 12:32:10 | INFO     | [base_page.py:28] | Clicking element: ('css selector', '#search button')
2026-09-23 12:32:10 | INFO     | [base_page.py:51] | Retrieved text 'There is no product that matches the search criteria.' from element: ('xpath', "//p[contains(text(), 'There is no product that matches the search criteria.')]")
2026-09-23 12:32:10 | INFO     | [test_search.py:80] | Data-driven search test for 'NonExistentItem9999' passed
2026-09-23 12:32:10 | INFO     | [conftest.py:54] | Tearing down WebDriver session
2026-09-23 12:32:11 | INFO     | [base_test_case.py:20] | --- Starting Unittest: test_invalid_login_permutations_csv ---
2026-09-23 12:32:11 | INFO     | [driver_factory.py:26] | Initializing WebDriver for browser='chrome', headless=True
2026-09-23 12:32:11 | INFO     | [driver_factory.py:71] | WebDriver successfully initialized with implicit_wait=10s
2026-09-23 12:32:12 | INFO     | [test_login_unittest.py:37] | Running Unittest: test_invalid_login_permutations_csv
2026-09-23 12:32:12 | INFO     | [csv_utils.py:27] | Loaded 4 rows from CSV: login_data.csv
2026-09-23 12:32:12 | INFO     | [test_login_unittest.py:48] | SubTest [TC_LOGIN_VALID] executing with email='selenium_capstone_user@testautomation.com'
2026-09-23 12:32:12 | INFO     | [home_page.py:27] | Navigating to Login page from Home page
2026-09-23 12:32:12 | INFO     | [base_page.py:28] | Clicking element: ('xpath', "//a[@title='My Account']")
2026-09-23 12:32:12 | INFO     | [base_page.py:28] | Clicking element: ('link text', 'Login')
2026-09-23 12:32:12 | INFO     | [login_page.py:37] | Attempting login with email: selenium_capstone_user@testautomation.com
2026-09-23 12:32:12 | INFO     | [base_page.py:40] | Entering text into element ('id', 'input-email')
2026-09-23 12:32:12 | INFO     | [base_page.py:40] | Entering text into element ('id', 'input-password')
2026-09-23 12:32:12 | INFO     | [base_page.py:28] | Clicking element: ('xpath', "//input[@value='Login']")
2026-09-23 12:32:13 | INFO     | [account_page.py:31] | Logging out from Account dashboard
2026-09-23 12:32:13 | INFO     | [base_page.py:28] | Clicking element: ('xpath', "//aside[@id='column-right']//a[text()='Logout']")
2026-09-23 12:32:13 | INFO     | [test_login_unittest.py:48] | SubTest [TC_LOGIN_INVALID_PWD] executing with email='selenium_capstone_user@testautomation.com'
2026-09-23 12:32:13 | INFO     | [home_page.py:27] | Navigating to Login page from Home page
2026-09-23 12:32:13 | INFO     | [base_page.py:28] | Clicking element: ('xpath', "//a[@title='My Account']")
2026-09-23 12:32:13 | INFO     | [base_page.py:28] | Clicking element: ('link text', 'Login')
2026-09-23 12:32:14 | INFO     | [login_page.py:37] | Attempting login with email: selenium_capstone_user@testautomation.com
2026-09-23 12:32:14 | INFO     | [base_page.py:40] | Entering text into element ('id', 'input-email')
2026-09-23 12:32:14 | INFO     | [base_page.py:40] | Entering text into element ('id', 'input-password')
2026-09-23 12:32:14 | INFO     | [base_page.py:28] | Clicking element: ('xpath', "//input[@value='Login']")
2026-09-23 12:32:14 | INFO     | [base_page.py:51] | Retrieved text 'Warning: No match for E-Mail Address and/or Password.' from element: ('css selector', '.alert-danger')
2026-09-23 12:32:14 | INFO     | [test_login_unittest.py:48] | SubTest [TC_LOGIN_INVALID_USER] executing with email='nonexistent_capstone_user_99@test.com'
2026-09-23 12:32:14 | INFO     | [home_page.py:27] | Navigating to Login page from Home page
2026-09-23 12:32:14 | INFO     | [base_page.py:28] | Clicking element: ('xpath', "//a[@title='My Account']")
2026-09-23 12:32:14 | INFO     | [base_page.py:28] | Clicking element: ('link text', 'Login')
2026-09-23 12:32:14 | INFO     | [login_page.py:37] | Attempting login with email: nonexistent_capstone_user_99@test.com
2026-09-23 12:32:14 | INFO     | [base_page.py:40] | Entering text into element ('id', 'input-email')
2026-09-23 12:32:15 | INFO     | [base_page.py:40] | Entering text into element ('id', 'input-password')
2026-09-23 12:32:15 | INFO     | [base_page.py:28] | Clicking element: ('xpath', "//input[@value='Login']")
2026-09-23 12:32:15 | INFO     | [base_page.py:51] | Retrieved text 'Warning: No match for E-Mail Address and/or Password.' from element: ('css selector', '.alert-danger')
2026-09-23 12:32:15 | INFO     | [test_login_unittest.py:48] | SubTest [TC_LOGIN_EMPTY_FIELDS] executing with email=''
2026-09-23 12:32:15 | INFO     | [home_page.py:27] | Navigating to Login page from Home page
2026-09-23 12:32:15 | INFO     | [base_page.py:28] | Clicking element: ('xpath', "//a[@title='My Account']")
2026-09-23 12:32:15 | INFO     | [base_page.py:28] | Clicking element: ('link text', 'Login')
2026-09-23 12:32:15 | INFO     | [login_page.py:37] | Attempting login with email: 
2026-09-23 12:32:15 | INFO     | [base_page.py:40] | Entering text into element ('id', 'input-email')
2026-09-23 12:32:15 | INFO     | [base_page.py:40] | Entering text into element ('id', 'input-password')
2026-09-23 12:32:15 | INFO     | [base_page.py:28] | Clicking element: ('xpath', "//input[@value='Login']")
2026-09-23 12:32:16 | INFO     | [base_page.py:51] | Retrieved text 'Warning: No match for E-Mail Address and/or Password.' from element: ('css selector', '.alert-danger')
2026-09-23 12:32:16 | INFO     | [base_test_case.py:43] | --- Finished Unittest: test_invalid_login_permutations_csv ---
2026-09-23 12:32:17 | INFO     | [base_test_case.py:20] | --- Starting Unittest: test_valid_user_login ---
2026-09-23 12:32:17 | INFO     | [driver_factory.py:26] | Initializing WebDriver for browser='chrome', headless=True
2026-09-23 12:32:17 | INFO     | [driver_factory.py:71] | WebDriver successfully initialized with implicit_wait=10s
2026-09-23 12:32:18 | INFO     | [test_login_unittest.py:19] | Running Unittest: test_valid_user_login
2026-09-23 12:32:18 | INFO     | [home_page.py:27] | Navigating to Login page from Home page
2026-09-23 12:32:18 | INFO     | [base_page.py:28] | Clicking element: ('xpath', "//a[@title='My Account']")
2026-09-23 12:32:18 | INFO     | [base_page.py:28] | Clicking element: ('link text', 'Login')
2026-09-23 12:32:18 | INFO     | [login_page.py:37] | Attempting login with email: selenium_capstone_user@testautomation.com
2026-09-23 12:32:18 | INFO     | [base_page.py:40] | Entering text into element ('id', 'input-email')
2026-09-23 12:32:18 | INFO     | [base_page.py:40] | Entering text into element ('id', 'input-password')
2026-09-23 12:32:18 | INFO     | [base_page.py:28] | Clicking element: ('xpath', "//input[@value='Login']")
2026-09-23 12:32:19 | INFO     | [base_page.py:80] | Current page title: 'My Account'
2026-09-23 12:32:19 | INFO     | [account_page.py:31] | Logging out from Account dashboard
2026-09-23 12:32:19 | INFO     | [base_page.py:28] | Clicking element: ('xpath', "//aside[@id='column-right']//a[text()='Logout']")
2026-09-23 12:32:19 | INFO     | [base_test_case.py:43] | --- Finished Unittest: test_valid_user_login ---
2026-09-23 12:32:19 | INFO     | [base_test_case.py:20] | --- Starting Unittest: test_search_data_driven_csv ---
2026-09-23 12:32:19 | INFO     | [driver_factory.py:26] | Initializing WebDriver for browser='chrome', headless=True
2026-09-23 12:32:19 | INFO     | [driver_factory.py:71] | WebDriver successfully initialized with implicit_wait=10s
2026-09-23 12:32:20 | INFO     | [test_search_unittest.py:36] | Running Unittest: test_search_data_driven_csv
2026-09-23 12:32:20 | INFO     | [csv_utils.py:27] | Loaded 5 rows from CSV: search_data.csv
2026-09-23 12:32:20 | INFO     | [test_search_unittest.py:45] | SubTest search term: 'MacBook'
2026-09-23 12:32:20 | INFO     | [home_page.py:34] | Searching for product: 'MacBook'
2026-09-23 12:32:20 | INFO     | [base_page.py:40] | Entering text into element ('name', 'search')
2026-09-23 12:32:20 | INFO     | [base_page.py:28] | Clicking element: ('css selector', '#search button')
2026-09-23 12:32:21 | INFO     | [search_page.py:26] | Found 3 products in search results: ['MacBook', 'MacBook Air', 'MacBook Pro']
2026-09-23 12:32:21 | INFO     | [search_page.py:33] | Product 'MacBook' presence check: True
2026-09-23 12:32:21 | INFO     | [test_search_unittest.py:45] | SubTest search term: 'iPhone'
2026-09-23 12:32:21 | INFO     | [home_page.py:34] | Searching for product: 'iPhone'
2026-09-23 12:32:21 | INFO     | [base_page.py:40] | Entering text into element ('name', 'search')
2026-09-23 12:32:21 | INFO     | [base_page.py:28] | Clicking element: ('css selector', '#search button')
2026-09-23 12:32:21 | INFO     | [search_page.py:26] | Found 1 products in search results: ['iPhone']
2026-09-23 12:32:21 | INFO     | [search_page.py:33] | Product 'iPhone' presence check: True
2026-09-23 12:32:21 | INFO     | [test_search_unittest.py:45] | SubTest search term: 'Samsung SyncMaster'
2026-09-23 12:32:21 | INFO     | [home_page.py:34] | Searching for product: 'Samsung SyncMaster'
2026-09-23 12:32:21 | INFO     | [base_page.py:40] | Entering text into element ('name', 'search')
2026-09-23 12:32:21 | INFO     | [base_page.py:28] | Clicking element: ('css selector', '#search button')
2026-09-23 12:32:21 | INFO     | [search_page.py:26] | Found 1 products in search results: ['Samsung SyncMaster 941BW']
2026-09-23 12:32:21 | INFO     | [search_page.py:33] | Product 'Samsung SyncMaster 941BW' presence check: True
2026-09-23 12:32:21 | INFO     | [test_search_unittest.py:45] | SubTest search term: 'Samsung Galaxy'
2026-09-23 12:32:21 | INFO     | [home_page.py:34] | Searching for product: 'Samsung Galaxy'
2026-09-23 12:32:21 | INFO     | [base_page.py:40] | Entering text into element ('name', 'search')
2026-09-23 12:32:21 | INFO     | [base_page.py:28] | Clicking element: ('css selector', '#search button')
2026-09-23 12:32:21 | INFO     | [search_page.py:26] | Found 1 products in search results: ['Samsung Galaxy Tab 10.1']
2026-09-23 12:32:21 | INFO     | [search_page.py:33] | Product 'Samsung Galaxy Tab 10.1' presence check: True
2026-09-23 12:32:21 | INFO     | [test_search_unittest.py:45] | SubTest search term: 'NonExistentItem9999'
2026-09-23 12:32:21 | INFO     | [home_page.py:34] | Searching for product: 'NonExistentItem9999'
2026-09-23 12:32:22 | INFO     | [base_page.py:40] | Entering text into element ('name', 'search')
2026-09-23 12:32:22 | INFO     | [base_page.py:28] | Clicking element: ('css selector', '#search button')
2026-09-23 12:32:22 | INFO     | [base_page.py:51] | Retrieved text 'There is no product that matches the search criteria.' from element: ('xpath', "//p[contains(text(), 'There is no product that matches the search criteria.')]")
2026-09-23 12:32:22 | INFO     | [base_test_case.py:43] | --- Finished Unittest: test_search_data_driven_csv ---
2026-09-23 12:32:22 | INFO     | [base_test_case.py:20] | --- Starting Unittest: test_search_for_non_existent_product ---
2026-09-23 12:32:22 | INFO     | [driver_factory.py:26] | Initializing WebDriver for browser='chrome', headless=True
2026-09-23 12:32:22 | INFO     | [driver_factory.py:71] | WebDriver successfully initialized with implicit_wait=10s
2026-09-23 12:32:23 | INFO     | [test_search_unittest.py:27] | Running Unittest: test_search_for_non_existent_product
2026-09-23 12:32:23 | INFO     | [home_page.py:34] | Searching for product: 'NonExistentItem9999'
2026-09-23 12:32:23 | INFO     | [base_page.py:40] | Entering text into element ('name', 'search')
2026-09-23 12:32:23 | INFO     | [base_page.py:28] | Clicking element: ('css selector', '#search button')
2026-09-23 12:32:23 | INFO     | [base_page.py:51] | Retrieved text 'There is no product that matches the search criteria.' from element: ('xpath', "//p[contains(text(), 'There is no product that matches the search criteria.')]")
2026-09-23 12:32:23 | INFO     | [base_test_case.py:43] | --- Finished Unittest: test_search_for_non_existent_product ---
2026-09-23 12:32:23 | INFO     | [base_test_case.py:20] | --- Starting Unittest: test_search_for_valid_product ---
2026-09-23 12:32:23 | INFO     | [driver_factory.py:26] | Initializing WebDriver for browser='chrome', headless=True
2026-09-23 12:32:24 | INFO     | [driver_factory.py:71] | WebDriver successfully initialized with implicit_wait=10s
2026-09-23 12:32:25 | INFO     | [test_search_unittest.py:18] | Running Unittest: test_search_for_valid_product
2026-09-23 12:32:25 | INFO     | [home_page.py:34] | Searching for product: 'MacBook'
2026-09-23 12:32:25 | INFO     | [base_page.py:40] | Entering text into element ('name', 'search')
2026-09-23 12:32:25 | INFO     | [base_page.py:28] | Clicking element: ('css selector', '#search button')
2026-09-23 12:32:25 | INFO     | [search_page.py:26] | Found 3 products in search results: ['MacBook', 'MacBook Air', 'MacBook Pro']
2026-09-23 12:32:25 | INFO     | [search_page.py:33] | Product 'MacBook' presence check: True
2026-09-23 12:32:25 | INFO     | [search_page.py:26] | Found 3 products in search results: ['MacBook', 'MacBook Air', 'MacBook Pro']
2026-09-23 12:32:25 | INFO     | [base_test_case.py:43] | --- Finished Unittest: test_search_for_valid_product ---
2026-09-23 12:38:35 | INFO     | [csv_utils.py:27] | Loaded 4 rows from CSV: login_data.csv
2026-09-23 12:38:35 | INFO     | [csv_utils.py:27] | Loaded 5 rows from CSV: search_data.csv
2026-09-23 12:38:35 | INFO     | [conftest.py:42] | Starting test session with browser=chrome, headless=False
2026-09-23 12:38:35 | INFO     | [driver_factory.py:26] | Initializing WebDriver for browser='chrome', headless=False
2026-09-23 12:38:36 | INFO     | [driver_factory.py:71] | WebDriver successfully initialized with implicit_wait=10s
2026-09-23 12:38:36 | INFO     | [conftest.py:49] | Navigating to application URL: https://tutorialsninja.com/demo/
2026-09-23 12:38:37 | INFO     | [test_login.py:24] | Executing test_valid_login
2026-09-23 12:38:37 | INFO     | [home_page.py:27] | Navigating to Login page from Home page
2026-09-23 12:38:37 | INFO     | [base_page.py:28] | Clicking element: ('xpath', "//a[@title='My Account']")
2026-09-23 12:38:37 | INFO     | [base_page.py:28] | Clicking element: ('link text', 'Login')
2026-09-23 12:38:38 | INFO     | [screenshot_utils.py:30] | Screenshot successfully captured: /Users/adrika/.gemini/antigravity-ide/scratch/selenium_python_framework/reports/screenshots/step_01_login_page_20260923_123837_891.png
2026-09-23 12:38:38 | INFO     | [login_page.py:37] | Attempting login with email: selenium_capstone_user@testautomation.com
2026-09-23 12:38:38 | INFO     | [base_page.py:40] | Entering text into element ('id', 'input-email')
2026-09-23 12:38:38 | INFO     | [base_page.py:40] | Entering text into element ('id', 'input-password')
2026-09-23 12:38:38 | INFO     | [base_page.py:28] | Clicking element: ('xpath', "//input[@value='Login']")
2026-09-23 12:38:39 | INFO     | [screenshot_utils.py:30] | Screenshot successfully captured: /Users/adrika/.gemini/antigravity-ide/scratch/selenium_python_framework/reports/screenshots/step_02_account_dashboard_20260923_123838_125.png
2026-09-23 12:38:39 | INFO     | [base_page.py:80] | Current page title: 'My Account'
2026-09-23 12:38:39 | INFO     | [account_page.py:31] | Logging out from Account dashboard
2026-09-23 12:38:39 | INFO     | [base_page.py:28] | Clicking element: ('xpath', "//aside[@id='column-right']//a[text()='Logout']")
2026-09-23 12:38:39 | INFO     | [test_login.py:42] | test_valid_login passed successfully
2026-09-23 12:38:39 | INFO     | [conftest.py:54] | Tearing down WebDriver session
2026-09-23 12:38:39 | INFO     | [conftest.py:42] | Starting test session with browser=chrome, headless=False
2026-09-23 12:38:39 | INFO     | [driver_factory.py:26] | Initializing WebDriver for browser='chrome', headless=False
2026-09-23 12:38:40 | INFO     | [driver_factory.py:71] | WebDriver successfully initialized with implicit_wait=10s
2026-09-23 12:38:40 | INFO     | [conftest.py:49] | Navigating to application URL: https://tutorialsninja.com/demo/
2026-09-23 12:38:41 | INFO     | [test_search.py:24] | Executing test_search_existing_product for 'MacBook'
2026-09-23 12:38:41 | INFO     | [home_page.py:34] | Searching for product: 'MacBook'
2026-09-23 12:38:41 | INFO     | [base_page.py:40] | Entering text into element ('name', 'search')
2026-09-23 12:38:41 | INFO     | [base_page.py:28] | Clicking element: ('css selector', '#search button')
2026-09-23 12:38:41 | INFO     | [screenshot_utils.py:30] | Screenshot successfully captured: /Users/adrika/.gemini/antigravity-ide/scratch/selenium_python_framework/reports/screenshots/step_03_search_macbook_20260923_123841_518.png
2026-09-23 12:38:41 | INFO     | [search_page.py:26] | Found 3 products in search results: ['MacBook', 'MacBook Air', 'MacBook Pro']
2026-09-23 12:38:41 | INFO     | [search_page.py:26] | Found 3 products in search results: ['MacBook', 'MacBook Air', 'MacBook Pro']
2026-09-23 12:38:41 | INFO     | [search_page.py:33] | Product 'MacBook' presence check: True
2026-09-23 12:38:41 | INFO     | [test_search.py:32] | test_search_existing_product passed successfully
2026-09-23 12:38:41 | INFO     | [conftest.py:54] | Tearing down WebDriver session
2026-09-23 12:38:41 | INFO     | [conftest.py:42] | Starting test session with browser=chrome, headless=False
2026-09-23 12:38:41 | INFO     | [driver_factory.py:26] | Initializing WebDriver for browser='chrome', headless=False
2026-09-23 12:38:42 | INFO     | [driver_factory.py:71] | WebDriver successfully initialized with implicit_wait=10s
2026-09-23 12:38:42 | INFO     | [conftest.py:49] | Navigating to application URL: https://tutorialsninja.com/demo/
2026-09-23 12:38:42 | INFO     | [test_search.py:40] | Executing test_search_non_existent_product for 'XYZNonExistentDevice999'
2026-09-23 12:38:42 | INFO     | [home_page.py:34] | Searching for product: 'XYZNonExistentDevice999'
2026-09-23 12:38:42 | INFO     | [base_page.py:40] | Entering text into element ('name', 'search')
2026-09-23 12:38:43 | INFO     | [base_page.py:28] | Clicking element: ('css selector', '#search button')
2026-09-23 12:38:43 | INFO     | [screenshot_utils.py:30] | Screenshot successfully captured: /Users/adrika/.gemini/antigravity-ide/scratch/selenium_python_framework/reports/screenshots/step_04_search_not_found_20260923_123843_217.png
2026-09-23 12:38:43 | INFO     | [base_page.py:51] | Retrieved text 'There is no product that matches the search criteria.' from element: ('xpath', "//p[contains(text(), 'There is no product that matches the search criteria.')]")
2026-09-23 12:38:43 | INFO     | [test_search.py:48] | test_search_non_existent_product passed successfully
2026-09-23 12:38:43 | INFO     | [conftest.py:54] | Tearing down WebDriver session
2026-09-23 12:51:07 | INFO     | [csv_utils.py:27] | Loaded 4 rows from CSV: login_data.csv
2026-09-23 12:51:07 | INFO     | [csv_utils.py:27] | Loaded 5 rows from CSV: search_data.csv
2026-09-23 12:51:07 | INFO     | [conftest.py:42] | Starting test session with browser=chrome, headless=False
2026-09-23 12:51:07 | INFO     | [driver_factory.py:26] | Initializing WebDriver for browser='chrome', headless=False
2026-09-23 12:51:08 | INFO     | [driver_factory.py:81] | WebDriver successfully initialized with implicit_wait=10s
2026-09-23 12:51:08 | INFO     | [conftest.py:49] | Navigating to application URL: https://tutorialsninja.com/demo/
2026-09-23 12:51:09 | INFO     | [test_login.py:24] | Executing test_valid_login
2026-09-23 12:51:09 | INFO     | [home_page.py:27] | Navigating to Login page from Home page
2026-09-23 12:51:09 | INFO     | [base_page.py:28] | Clicking element: ('xpath', "//a[@title='My Account']")
2026-09-23 12:51:09 | INFO     | [base_page.py:28] | Clicking element: ('link text', 'Login')
2026-09-23 12:51:10 | INFO     | [screenshot_utils.py:30] | Screenshot successfully captured: /Users/adrika/.gemini/antigravity-ide/scratch/selenium_python_framework/reports/screenshots/step_01_login_page_20260923_125110_630.png
2026-09-23 12:51:10 | INFO     | [login_page.py:37] | Attempting login with email: selenium_capstone_user@testautomation.com
2026-09-23 12:51:10 | INFO     | [base_page.py:40] | Entering text into element ('id', 'input-email')
2026-09-23 12:51:10 | INFO     | [base_page.py:40] | Entering text into element ('id', 'input-password')
2026-09-23 12:51:10 | INFO     | [base_page.py:28] | Clicking element: ('xpath', "//input[@value='Login']")
2026-09-23 12:51:11 | INFO     | [screenshot_utils.py:30] | Screenshot successfully captured: /Users/adrika/.gemini/antigravity-ide/scratch/selenium_python_framework/reports/screenshots/step_02_account_dashboard_20260923_125110_846.png
2026-09-23 12:51:11 | INFO     | [base_page.py:80] | Current page title: 'My Account'
2026-09-23 12:51:11 | INFO     | [account_page.py:31] | Logging out from Account dashboard
2026-09-23 12:51:11 | INFO     | [base_page.py:28] | Clicking element: ('xpath', "//aside[@id='column-right']//a[text()='Logout']")
2026-09-23 12:51:12 | INFO     | [test_login.py:42] | test_valid_login passed successfully
2026-09-23 12:51:12 | INFO     | [conftest.py:54] | Tearing down WebDriver session
2026-09-23 12:51:12 | INFO     | [conftest.py:42] | Starting test session with browser=chrome, headless=False
2026-09-23 12:51:12 | INFO     | [driver_factory.py:26] | Initializing WebDriver for browser='chrome', headless=False
2026-09-23 12:51:12 | INFO     | [driver_factory.py:81] | WebDriver successfully initialized with implicit_wait=10s
2026-09-23 12:51:12 | INFO     | [conftest.py:49] | Navigating to application URL: https://tutorialsninja.com/demo/
2026-09-23 12:51:13 | INFO     | [test_login.py:57] | Executing TC_LOGIN_VALID | Outcome expected: success
2026-09-23 12:51:13 | INFO     | [home_page.py:27] | Navigating to Login page from Home page
2026-09-23 12:51:13 | INFO     | [base_page.py:28] | Clicking element: ('xpath', "//a[@title='My Account']")
2026-09-23 12:51:13 | INFO     | [base_page.py:28] | Clicking element: ('link text', 'Login')
2026-09-23 12:51:14 | INFO     | [login_page.py:37] | Attempting login with email: selenium_capstone_user@testautomation.com
2026-09-23 12:51:14 | INFO     | [base_page.py:40] | Entering text into element ('id', 'input-email')
2026-09-23 12:51:14 | INFO     | [base_page.py:40] | Entering text into element ('id', 'input-password')
2026-09-23 12:51:14 | INFO     | [base_page.py:28] | Clicking element: ('xpath', "//input[@value='Login']")
2026-09-23 12:51:15 | INFO     | [account_page.py:31] | Logging out from Account dashboard
2026-09-23 12:51:15 | INFO     | [base_page.py:28] | Clicking element: ('xpath', "//aside[@id='column-right']//a[text()='Logout']")
2026-09-23 12:51:15 | INFO     | [test_login.py:71] | TC_LOGIN_VALID completed successfully
2026-09-23 12:51:15 | INFO     | [conftest.py:54] | Tearing down WebDriver session
2026-09-23 12:51:15 | INFO     | [conftest.py:42] | Starting test session with browser=chrome, headless=False
2026-09-23 12:51:15 | INFO     | [driver_factory.py:26] | Initializing WebDriver for browser='chrome', headless=False
2026-09-23 12:51:15 | INFO     | [driver_factory.py:81] | WebDriver successfully initialized with implicit_wait=10s
2026-09-23 12:51:15 | INFO     | [conftest.py:49] | Navigating to application URL: https://tutorialsninja.com/demo/
2026-09-23 12:51:17 | INFO     | [test_login.py:57] | Executing TC_LOGIN_INVALID_PWD | Outcome expected: failure
2026-09-23 12:51:17 | INFO     | [home_page.py:27] | Navigating to Login page from Home page
2026-09-23 12:51:17 | INFO     | [base_page.py:28] | Clicking element: ('xpath', "//a[@title='My Account']")
2026-09-23 12:51:17 | INFO     | [base_page.py:28] | Clicking element: ('link text', 'Login')
2026-09-23 12:51:17 | INFO     | [login_page.py:37] | Attempting login with email: selenium_capstone_user@testautomation.com
2026-09-23 12:51:17 | INFO     | [base_page.py:40] | Entering text into element ('id', 'input-email')
2026-09-23 12:51:17 | INFO     | [base_page.py:40] | Entering text into element ('id', 'input-password')
2026-09-23 12:51:17 | INFO     | [base_page.py:28] | Clicking element: ('xpath', "//input[@value='Login']")
2026-09-23 12:51:18 | INFO     | [base_page.py:51] | Retrieved text 'Warning: No match for E-Mail Address and/or Password.' from element: ('css selector', '.alert-danger')
2026-09-23 12:51:18 | INFO     | [test_login.py:71] | TC_LOGIN_INVALID_PWD completed successfully
2026-09-23 12:51:18 | INFO     | [conftest.py:54] | Tearing down WebDriver session
2026-09-23 12:51:18 | INFO     | [conftest.py:42] | Starting test session with browser=chrome, headless=False
2026-09-23 12:51:18 | INFO     | [driver_factory.py:26] | Initializing WebDriver for browser='chrome', headless=False
2026-09-23 12:51:18 | INFO     | [driver_factory.py:81] | WebDriver successfully initialized with implicit_wait=10s
2026-09-23 12:51:18 | INFO     | [conftest.py:49] | Navigating to application URL: https://tutorialsninja.com/demo/
2026-09-23 12:51:20 | INFO     | [test_login.py:57] | Executing TC_LOGIN_INVALID_USER | Outcome expected: failure
2026-09-23 12:51:20 | INFO     | [home_page.py:27] | Navigating to Login page from Home page
2026-09-23 12:51:20 | INFO     | [base_page.py:28] | Clicking element: ('xpath', "//a[@title='My Account']")
2026-09-23 12:51:20 | INFO     | [base_page.py:28] | Clicking element: ('link text', 'Login')
2026-09-23 12:51:21 | INFO     | [login_page.py:37] | Attempting login with email: nonexistent_capstone_user_99@test.com
2026-09-23 12:51:21 | INFO     | [base_page.py:40] | Entering text into element ('id', 'input-email')
2026-09-23 12:51:21 | INFO     | [base_page.py:40] | Entering text into element ('id', 'input-password')
2026-09-23 12:51:21 | INFO     | [base_page.py:28] | Clicking element: ('xpath', "//input[@value='Login']")
2026-09-23 12:51:21 | INFO     | [base_page.py:51] | Retrieved text 'Warning: No match for E-Mail Address and/or Password.' from element: ('css selector', '.alert-danger')
2026-09-23 12:51:21 | INFO     | [test_login.py:71] | TC_LOGIN_INVALID_USER completed successfully
2026-09-23 12:51:21 | INFO     | [conftest.py:54] | Tearing down WebDriver session
2026-09-23 12:51:22 | INFO     | [conftest.py:42] | Starting test session with browser=chrome, headless=False
2026-09-23 12:51:22 | INFO     | [driver_factory.py:26] | Initializing WebDriver for browser='chrome', headless=False
2026-09-23 12:51:22 | INFO     | [driver_factory.py:81] | WebDriver successfully initialized with implicit_wait=10s
2026-09-23 12:51:22 | INFO     | [conftest.py:49] | Navigating to application URL: https://tutorialsninja.com/demo/
2026-09-23 12:51:23 | INFO     | [test_login.py:57] | Executing TC_LOGIN_EMPTY_FIELDS | Outcome expected: failure
2026-09-23 12:51:23 | INFO     | [home_page.py:27] | Navigating to Login page from Home page
2026-09-23 12:51:23 | INFO     | [base_page.py:28] | Clicking element: ('xpath', "//a[@title='My Account']")
2026-09-23 12:51:23 | INFO     | [base_page.py:28] | Clicking element: ('link text', 'Login')
2026-09-23 12:51:23 | INFO     | [login_page.py:37] | Attempting login with email: 
2026-09-23 12:51:23 | INFO     | [base_page.py:40] | Entering text into element ('id', 'input-email')
2026-09-23 12:51:23 | INFO     | [base_page.py:40] | Entering text into element ('id', 'input-password')
2026-09-23 12:51:23 | INFO     | [base_page.py:28] | Clicking element: ('xpath', "//input[@value='Login']")
2026-09-23 12:51:25 | INFO     | [base_page.py:51] | Retrieved text 'Warning: No match for E-Mail Address and/or Password.' from element: ('css selector', '.alert-danger')
2026-09-23 12:51:25 | INFO     | [test_login.py:71] | TC_LOGIN_EMPTY_FIELDS completed successfully
2026-09-23 12:51:25 | INFO     | [conftest.py:54] | Tearing down WebDriver session
2026-09-23 12:51:25 | INFO     | [conftest.py:42] | Starting test session with browser=chrome, headless=False
2026-09-23 12:51:25 | INFO     | [driver_factory.py:26] | Initializing WebDriver for browser='chrome', headless=False
2026-09-23 12:51:25 | INFO     | [driver_factory.py:81] | WebDriver successfully initialized with implicit_wait=10s
2026-09-23 12:51:25 | INFO     | [conftest.py:49] | Navigating to application URL: https://tutorialsninja.com/demo/
2026-09-23 12:51:26 | INFO     | [test_search.py:24] | Executing test_search_existing_product for 'MacBook'
2026-09-23 12:51:26 | INFO     | [home_page.py:34] | Searching for product: 'MacBook'
2026-09-23 12:51:26 | INFO     | [base_page.py:40] | Entering text into element ('name', 'search')
2026-09-23 12:51:26 | INFO     | [base_page.py:28] | Clicking element: ('css selector', '#search button')
2026-09-23 12:51:27 | INFO     | [screenshot_utils.py:30] | Screenshot successfully captured: /Users/adrika/.gemini/antigravity-ide/scratch/selenium_python_framework/reports/screenshots/step_03_search_macbook_20260923_125126_877.png
2026-09-23 12:51:27 | INFO     | [search_page.py:26] | Found 3 products in search results: ['MacBook', 'MacBook Air', 'MacBook Pro']
2026-09-23 12:51:27 | INFO     | [search_page.py:26] | Found 3 products in search results: ['MacBook', 'MacBook Air', 'MacBook Pro']
2026-09-23 12:51:27 | INFO     | [search_page.py:33] | Product 'MacBook' presence check: True
2026-09-23 12:51:27 | INFO     | [test_search.py:32] | test_search_existing_product passed successfully
2026-09-23 12:51:27 | INFO     | [conftest.py:54] | Tearing down WebDriver session
2026-09-23 12:51:27 | INFO     | [conftest.py:42] | Starting test session with browser=chrome, headless=False
2026-09-23 12:51:27 | INFO     | [driver_factory.py:26] | Initializing WebDriver for browser='chrome', headless=False
2026-09-23 12:51:27 | INFO     | [driver_factory.py:81] | WebDriver successfully initialized with implicit_wait=10s
2026-09-23 12:51:27 | INFO     | [conftest.py:49] | Navigating to application URL: https://tutorialsninja.com/demo/
2026-09-23 12:51:33 | INFO     | [test_search.py:40] | Executing test_search_non_existent_product for 'XYZNonExistentDevice999'
2026-09-23 12:51:33 | INFO     | [home_page.py:34] | Searching for product: 'XYZNonExistentDevice999'
2026-09-23 12:51:33 | INFO     | [base_page.py:40] | Entering text into element ('name', 'search')
2026-09-23 12:51:33 | INFO     | [base_page.py:28] | Clicking element: ('css selector', '#search button')
2026-09-23 12:51:34 | INFO     | [screenshot_utils.py:30] | Screenshot successfully captured: /Users/adrika/.gemini/antigravity-ide/scratch/selenium_python_framework/reports/screenshots/step_04_search_not_found_20260923_125134_379.png
2026-09-23 12:51:34 | INFO     | [base_page.py:51] | Retrieved text 'There is no product that matches the search criteria.' from element: ('xpath', "//p[contains(text(), 'There is no product that matches the search criteria.')]")
2026-09-23 12:51:34 | INFO     | [test_search.py:48] | test_search_non_existent_product passed successfully
2026-09-23 12:51:34 | INFO     | [conftest.py:54] | Tearing down WebDriver session
2026-09-23 12:51:34 | INFO     | [conftest.py:42] | Starting test session with browser=chrome, headless=False
2026-09-23 12:51:34 | INFO     | [driver_factory.py:26] | Initializing WebDriver for browser='chrome', headless=False
2026-09-23 12:51:34 | INFO     | [driver_factory.py:81] | WebDriver successfully initialized with implicit_wait=10s
2026-09-23 12:51:34 | INFO     | [conftest.py:49] | Navigating to application URL: https://tutorialsninja.com/demo/
2026-09-23 12:51:36 | INFO     | [test_search.py:63] | Executing data-driven search for 'MacBook', expecting status: found
2026-09-23 12:51:36 | INFO     | [home_page.py:34] | Searching for product: 'MacBook'
2026-09-23 12:51:36 | INFO     | [base_page.py:40] | Entering text into element ('name', 'search')
2026-09-23 12:51:36 | INFO     | [base_page.py:28] | Clicking element: ('css selector', '#search button')
2026-09-23 12:51:36 | INFO     | [search_page.py:26] | Found 3 products in search results: ['MacBook', 'MacBook Air', 'MacBook Pro']
2026-09-23 12:51:36 | INFO     | [search_page.py:33] | Product 'MacBook' presence check: True
2026-09-23 12:51:36 | INFO     | [test_search.py:80] | Data-driven search test for 'MacBook' passed
2026-09-23 12:51:36 | INFO     | [conftest.py:54] | Tearing down WebDriver session
2026-09-23 12:51:36 | INFO     | [conftest.py:42] | Starting test session with browser=chrome, headless=False
2026-09-23 12:51:36 | INFO     | [driver_factory.py:26] | Initializing WebDriver for browser='chrome', headless=False
2026-09-23 12:51:37 | INFO     | [driver_factory.py:81] | WebDriver successfully initialized with implicit_wait=10s
2026-09-23 12:51:37 | INFO     | [conftest.py:49] | Navigating to application URL: https://tutorialsninja.com/demo/
2026-09-23 12:51:38 | INFO     | [test_search.py:63] | Executing data-driven search for 'iPhone', expecting status: found
2026-09-23 12:51:38 | INFO     | [home_page.py:34] | Searching for product: 'iPhone'
2026-09-23 12:51:38 | INFO     | [base_page.py:40] | Entering text into element ('name', 'search')
2026-09-23 12:51:38 | INFO     | [base_page.py:28] | Clicking element: ('css selector', '#search button')
2026-09-23 12:51:39 | INFO     | [search_page.py:26] | Found 1 products in search results: ['iPhone']
2026-09-23 12:51:39 | INFO     | [search_page.py:33] | Product 'iPhone' presence check: True
2026-09-23 12:51:39 | INFO     | [test_search.py:80] | Data-driven search test for 'iPhone' passed
2026-09-23 12:51:39 | INFO     | [conftest.py:54] | Tearing down WebDriver session
2026-09-23 12:51:39 | INFO     | [conftest.py:42] | Starting test session with browser=chrome, headless=False
2026-09-23 12:51:39 | INFO     | [driver_factory.py:26] | Initializing WebDriver for browser='chrome', headless=False
2026-09-23 12:51:39 | INFO     | [driver_factory.py:81] | WebDriver successfully initialized with implicit_wait=10s
2026-09-23 12:51:39 | INFO     | [conftest.py:49] | Navigating to application URL: https://tutorialsninja.com/demo/
2026-09-23 12:51:40 | INFO     | [test_search.py:63] | Executing data-driven search for 'Samsung SyncMaster', expecting status: found
2026-09-23 12:51:40 | INFO     | [home_page.py:34] | Searching for product: 'Samsung SyncMaster'
2026-09-23 12:51:40 | INFO     | [base_page.py:40] | Entering text into element ('name', 'search')
2026-09-23 12:51:40 | INFO     | [base_page.py:28] | Clicking element: ('css selector', '#search button')
2026-09-23 12:51:40 | INFO     | [search_page.py:26] | Found 1 products in search results: ['Samsung SyncMaster 941BW']
2026-09-23 12:51:40 | INFO     | [search_page.py:33] | Product 'Samsung SyncMaster 941BW' presence check: True
2026-09-23 12:51:40 | INFO     | [test_search.py:80] | Data-driven search test for 'Samsung SyncMaster' passed
2026-09-23 12:51:40 | INFO     | [conftest.py:54] | Tearing down WebDriver session
2026-09-23 12:51:40 | INFO     | [conftest.py:42] | Starting test session with browser=chrome, headless=False
2026-09-23 12:51:40 | INFO     | [driver_factory.py:26] | Initializing WebDriver for browser='chrome', headless=False
2026-09-23 12:51:41 | INFO     | [driver_factory.py:81] | WebDriver successfully initialized with implicit_wait=10s
2026-09-23 12:51:41 | INFO     | [conftest.py:49] | Navigating to application URL: https://tutorialsninja.com/demo/
2026-09-23 12:51:42 | INFO     | [test_search.py:63] | Executing data-driven search for 'Samsung Galaxy', expecting status: found
2026-09-23 12:51:42 | INFO     | [home_page.py:34] | Searching for product: 'Samsung Galaxy'
2026-09-23 12:51:42 | INFO     | [base_page.py:40] | Entering text into element ('name', 'search')
2026-09-23 12:51:42 | INFO     | [base_page.py:28] | Clicking element: ('css selector', '#search button')
2026-09-23 12:51:42 | INFO     | [search_page.py:26] | Found 1 products in search results: ['Samsung Galaxy Tab 10.1']
2026-09-23 12:51:42 | INFO     | [search_page.py:33] | Product 'Samsung Galaxy Tab 10.1' presence check: True
2026-09-23 12:51:42 | INFO     | [test_search.py:80] | Data-driven search test for 'Samsung Galaxy' passed
2026-09-23 12:51:42 | INFO     | [conftest.py:54] | Tearing down WebDriver session
2026-09-23 12:51:42 | INFO     | [conftest.py:42] | Starting test session with browser=chrome, headless=False
2026-09-23 12:51:42 | INFO     | [driver_factory.py:26] | Initializing WebDriver for browser='chrome', headless=False
2026-09-23 12:51:42 | INFO     | [driver_factory.py:81] | WebDriver successfully initialized with implicit_wait=10s
2026-09-23 12:51:42 | INFO     | [conftest.py:49] | Navigating to application URL: https://tutorialsninja.com/demo/
2026-09-23 12:51:43 | INFO     | [test_search.py:63] | Executing data-driven search for 'NonExistentItem9999', expecting status: not_found
2026-09-23 12:51:43 | INFO     | [home_page.py:34] | Searching for product: 'NonExistentItem9999'
2026-09-23 12:51:43 | INFO     | [base_page.py:40] | Entering text into element ('name', 'search')
2026-09-23 12:51:43 | INFO     | [base_page.py:28] | Clicking element: ('css selector', '#search button')
2026-09-23 12:51:43 | INFO     | [base_page.py:51] | Retrieved text 'There is no product that matches the search criteria.' from element: ('xpath', "//p[contains(text(), 'There is no product that matches the search criteria.')]")
2026-09-23 12:51:43 | INFO     | [test_search.py:80] | Data-driven search test for 'NonExistentItem9999' passed
2026-09-23 12:51:43 | INFO     | [conftest.py:54] | Tearing down WebDriver session
2026-09-23 12:51:44 | INFO     | [base_test_case.py:20] | --- Starting Unittest: test_invalid_login_permutations_csv ---
2026-09-23 12:51:44 | INFO     | [driver_factory.py:26] | Initializing WebDriver for browser='chrome', headless=False
2026-09-23 12:51:44 | INFO     | [driver_factory.py:81] | WebDriver successfully initialized with implicit_wait=10s
2026-09-23 12:51:45 | INFO     | [test_login_unittest.py:37] | Running Unittest: test_invalid_login_permutations_csv
2026-09-23 12:51:45 | INFO     | [csv_utils.py:27] | Loaded 4 rows from CSV: login_data.csv
2026-09-23 12:51:45 | INFO     | [test_login_unittest.py:48] | SubTest [TC_LOGIN_VALID] executing with email='selenium_capstone_user@testautomation.com'
2026-09-23 12:51:45 | INFO     | [home_page.py:27] | Navigating to Login page from Home page
2026-09-23 12:51:45 | INFO     | [base_page.py:28] | Clicking element: ('xpath', "//a[@title='My Account']")
2026-09-23 12:51:45 | INFO     | [base_page.py:28] | Clicking element: ('link text', 'Login')
2026-09-23 12:51:45 | INFO     | [login_page.py:37] | Attempting login with email: selenium_capstone_user@testautomation.com
2026-09-23 12:51:45 | INFO     | [base_page.py:40] | Entering text into element ('id', 'input-email')
2026-09-23 12:51:45 | INFO     | [base_page.py:40] | Entering text into element ('id', 'input-password')
2026-09-23 12:51:45 | INFO     | [base_page.py:28] | Clicking element: ('xpath', "//input[@value='Login']")
2026-09-23 12:51:46 | INFO     | [account_page.py:31] | Logging out from Account dashboard
2026-09-23 12:51:46 | INFO     | [base_page.py:28] | Clicking element: ('xpath', "//aside[@id='column-right']//a[text()='Logout']")
2026-09-23 12:51:47 | INFO     | [test_login_unittest.py:48] | SubTest [TC_LOGIN_INVALID_PWD] executing with email='selenium_capstone_user@testautomation.com'
2026-09-23 12:51:47 | INFO     | [home_page.py:27] | Navigating to Login page from Home page
2026-09-23 12:51:47 | INFO     | [base_page.py:28] | Clicking element: ('xpath', "//a[@title='My Account']")
2026-09-23 12:51:47 | INFO     | [base_page.py:28] | Clicking element: ('link text', 'Login')
2026-09-23 12:51:47 | INFO     | [login_page.py:37] | Attempting login with email: selenium_capstone_user@testautomation.com
2026-09-23 12:51:47 | INFO     | [base_page.py:40] | Entering text into element ('id', 'input-email')
2026-09-23 12:51:47 | INFO     | [base_page.py:40] | Entering text into element ('id', 'input-password')
2026-09-23 12:51:47 | INFO     | [base_page.py:28] | Clicking element: ('xpath', "//input[@value='Login']")
2026-09-23 12:51:48 | INFO     | [base_page.py:51] | Retrieved text 'Warning: No match for E-Mail Address and/or Password.' from element: ('css selector', '.alert-danger')
2026-09-23 12:51:48 | INFO     | [test_login_unittest.py:48] | SubTest [TC_LOGIN_INVALID_USER] executing with email='nonexistent_capstone_user_99@test.com'
2026-09-23 12:51:48 | INFO     | [home_page.py:27] | Navigating to Login page from Home page
2026-09-23 12:51:48 | INFO     | [base_page.py:28] | Clicking element: ('xpath', "//a[@title='My Account']")
2026-09-23 12:51:48 | INFO     | [base_page.py:28] | Clicking element: ('link text', 'Login')
2026-09-23 12:51:48 | INFO     | [login_page.py:37] | Attempting login with email: nonexistent_capstone_user_99@test.com
2026-09-23 12:51:48 | INFO     | [base_page.py:40] | Entering text into element ('id', 'input-email')
2026-09-23 12:51:48 | INFO     | [base_page.py:40] | Entering text into element ('id', 'input-password')
2026-09-23 12:51:48 | INFO     | [base_page.py:28] | Clicking element: ('xpath', "//input[@value='Login']")
2026-09-23 12:51:49 | INFO     | [base_page.py:51] | Retrieved text 'Warning: No match for E-Mail Address and/or Password.' from element: ('css selector', '.alert-danger')
2026-09-23 12:51:49 | INFO     | [test_login_unittest.py:48] | SubTest [TC_LOGIN_EMPTY_FIELDS] executing with email=''
2026-09-23 12:51:49 | INFO     | [home_page.py:27] | Navigating to Login page from Home page
2026-09-23 12:51:49 | INFO     | [base_page.py:28] | Clicking element: ('xpath', "//a[@title='My Account']")
2026-09-23 12:51:49 | INFO     | [base_page.py:28] | Clicking element: ('link text', 'Login')
2026-09-23 12:51:49 | INFO     | [login_page.py:37] | Attempting login with email: 
2026-09-23 12:51:49 | INFO     | [base_page.py:40] | Entering text into element ('id', 'input-email')
2026-09-23 12:51:49 | INFO     | [base_page.py:40] | Entering text into element ('id', 'input-password')
2026-09-23 12:51:49 | INFO     | [base_page.py:28] | Clicking element: ('xpath', "//input[@value='Login']")
2026-09-23 12:51:50 | INFO     | [base_page.py:51] | Retrieved text 'Warning: No match for E-Mail Address and/or Password.' from element: ('css selector', '.alert-danger')
2026-09-23 12:51:50 | INFO     | [base_test_case.py:43] | --- Finished Unittest: test_invalid_login_permutations_csv ---
2026-09-23 12:51:50 | INFO     | [base_test_case.py:20] | --- Starting Unittest: test_valid_user_login ---
2026-09-23 12:51:50 | INFO     | [driver_factory.py:26] | Initializing WebDriver for browser='chrome', headless=False
2026-09-23 12:51:51 | INFO     | [driver_factory.py:81] | WebDriver successfully initialized with implicit_wait=10s
2026-09-23 12:51:52 | INFO     | [test_login_unittest.py:19] | Running Unittest: test_valid_user_login
2026-09-23 12:51:52 | INFO     | [home_page.py:27] | Navigating to Login page from Home page
2026-09-23 12:51:52 | INFO     | [base_page.py:28] | Clicking element: ('xpath', "//a[@title='My Account']")
2026-09-23 12:51:52 | INFO     | [base_page.py:28] | Clicking element: ('link text', 'Login')
2026-09-23 12:51:52 | INFO     | [login_page.py:37] | Attempting login with email: selenium_capstone_user@testautomation.com
2026-09-23 12:51:52 | INFO     | [base_page.py:40] | Entering text into element ('id', 'input-email')
2026-09-23 12:51:52 | INFO     | [base_page.py:40] | Entering text into element ('id', 'input-password')
2026-09-23 12:51:52 | INFO     | [base_page.py:28] | Clicking element: ('xpath', "//input[@value='Login']")
2026-09-23 12:51:52 | INFO     | [base_page.py:80] | Current page title: 'My Account'
2026-09-23 12:51:52 | INFO     | [account_page.py:31] | Logging out from Account dashboard
2026-09-23 12:51:52 | INFO     | [base_page.py:28] | Clicking element: ('xpath', "//aside[@id='column-right']//a[text()='Logout']")
2026-09-23 12:51:53 | INFO     | [base_test_case.py:43] | --- Finished Unittest: test_valid_user_login ---
2026-09-23 12:51:53 | INFO     | [base_test_case.py:20] | --- Starting Unittest: test_search_data_driven_csv ---
2026-09-23 12:51:53 | INFO     | [driver_factory.py:26] | Initializing WebDriver for browser='chrome', headless=False
2026-09-23 12:51:53 | INFO     | [driver_factory.py:81] | WebDriver successfully initialized with implicit_wait=10s
2026-09-23 12:51:54 | INFO     | [test_search_unittest.py:36] | Running Unittest: test_search_data_driven_csv
2026-09-23 12:51:54 | INFO     | [csv_utils.py:27] | Loaded 5 rows from CSV: search_data.csv
2026-09-23 12:51:54 | INFO     | [test_search_unittest.py:45] | SubTest search term: 'MacBook'
2026-09-23 12:51:54 | INFO     | [home_page.py:34] | Searching for product: 'MacBook'
2026-09-23 12:51:54 | INFO     | [base_page.py:40] | Entering text into element ('name', 'search')
2026-09-23 12:51:54 | INFO     | [base_page.py:28] | Clicking element: ('css selector', '#search button')
2026-09-23 12:51:54 | INFO     | [search_page.py:26] | Found 3 products in search results: ['MacBook', 'MacBook Air', 'MacBook Pro']
2026-09-23 12:51:54 | INFO     | [search_page.py:33] | Product 'MacBook' presence check: True
2026-09-23 12:51:54 | INFO     | [test_search_unittest.py:45] | SubTest search term: 'iPhone'
2026-09-23 12:51:54 | INFO     | [home_page.py:34] | Searching for product: 'iPhone'
2026-09-23 12:51:54 | INFO     | [base_page.py:40] | Entering text into element ('name', 'search')
2026-09-23 12:51:54 | INFO     | [base_page.py:28] | Clicking element: ('css selector', '#search button')
2026-09-23 12:51:55 | INFO     | [search_page.py:26] | Found 1 products in search results: ['iPhone']
2026-09-23 12:51:55 | INFO     | [search_page.py:33] | Product 'iPhone' presence check: True
2026-09-23 12:51:55 | INFO     | [test_search_unittest.py:45] | SubTest search term: 'Samsung SyncMaster'
2026-09-23 12:51:55 | INFO     | [home_page.py:34] | Searching for product: 'Samsung SyncMaster'
2026-09-23 12:51:55 | INFO     | [base_page.py:40] | Entering text into element ('name', 'search')
2026-09-23 12:51:55 | INFO     | [base_page.py:28] | Clicking element: ('css selector', '#search button')
2026-09-23 12:51:55 | INFO     | [search_page.py:26] | Found 1 products in search results: ['Samsung SyncMaster 941BW']
2026-09-23 12:51:55 | INFO     | [search_page.py:33] | Product 'Samsung SyncMaster 941BW' presence check: True
2026-09-23 12:51:55 | INFO     | [test_search_unittest.py:45] | SubTest search term: 'Samsung Galaxy'
2026-09-23 12:51:55 | INFO     | [home_page.py:34] | Searching for product: 'Samsung Galaxy'
2026-09-23 12:51:55 | INFO     | [base_page.py:40] | Entering text into element ('name', 'search')
2026-09-23 12:51:55 | INFO     | [base_page.py:28] | Clicking element: ('css selector', '#search button')
2026-09-23 12:51:55 | INFO     | [search_page.py:26] | Found 1 products in search results: ['Samsung Galaxy Tab 10.1']
2026-09-23 12:51:55 | INFO     | [search_page.py:33] | Product 'Samsung Galaxy Tab 10.1' presence check: True
2026-09-23 12:51:55 | INFO     | [test_search_unittest.py:45] | SubTest search term: 'NonExistentItem9999'
2026-09-23 12:51:55 | INFO     | [home_page.py:34] | Searching for product: 'NonExistentItem9999'
2026-09-23 12:51:55 | INFO     | [base_page.py:40] | Entering text into element ('name', 'search')
2026-09-23 12:51:55 | INFO     | [base_page.py:28] | Clicking element: ('css selector', '#search button')
2026-09-23 12:51:55 | INFO     | [base_page.py:51] | Retrieved text 'There is no product that matches the search criteria.' from element: ('xpath', "//p[contains(text(), 'There is no product that matches the search criteria.')]")
2026-09-23 12:51:55 | INFO     | [base_test_case.py:43] | --- Finished Unittest: test_search_data_driven_csv ---
2026-09-23 12:51:56 | INFO     | [base_test_case.py:20] | --- Starting Unittest: test_search_for_non_existent_product ---
2026-09-23 12:51:56 | INFO     | [driver_factory.py:26] | Initializing WebDriver for browser='chrome', headless=False
2026-09-23 12:51:56 | INFO     | [driver_factory.py:81] | WebDriver successfully initialized with implicit_wait=10s
2026-09-23 12:51:57 | INFO     | [test_search_unittest.py:27] | Running Unittest: test_search_for_non_existent_product
2026-09-23 12:51:57 | INFO     | [home_page.py:34] | Searching for product: 'NonExistentItem9999'
2026-09-23 12:51:57 | INFO     | [base_page.py:40] | Entering text into element ('name', 'search')
2026-09-23 12:51:57 | INFO     | [base_page.py:28] | Clicking element: ('css selector', '#search button')
2026-09-23 12:51:57 | INFO     | [base_page.py:51] | Retrieved text 'There is no product that matches the search criteria.' from element: ('xpath', "//p[contains(text(), 'There is no product that matches the search criteria.')]")
2026-09-23 12:51:57 | INFO     | [base_test_case.py:43] | --- Finished Unittest: test_search_for_non_existent_product ---
2026-09-23 12:51:57 | INFO     | [base_test_case.py:20] | --- Starting Unittest: test_search_for_valid_product ---
2026-09-23 12:51:57 | INFO     | [driver_factory.py:26] | Initializing WebDriver for browser='chrome', headless=False
2026-09-23 12:51:57 | INFO     | [driver_factory.py:81] | WebDriver successfully initialized with implicit_wait=10s
2026-09-23 12:51:59 | INFO     | [test_search_unittest.py:18] | Running Unittest: test_search_for_valid_product
2026-09-23 12:51:59 | INFO     | [home_page.py:34] | Searching for product: 'MacBook'
2026-09-23 12:51:59 | INFO     | [base_page.py:40] | Entering text into element ('name', 'search')
2026-09-23 12:51:59 | INFO     | [base_page.py:28] | Clicking element: ('css selector', '#search button')
2026-09-23 12:51:59 | INFO     | [search_page.py:26] | Found 3 products in search results: ['MacBook', 'MacBook Air', 'MacBook Pro']
2026-09-23 12:51:59 | INFO     | [search_page.py:33] | Product 'MacBook' presence check: True
2026-09-23 12:51:59 | INFO     | [search_page.py:26] | Found 3 products in search results: ['MacBook', 'MacBook Air', 'MacBook Pro']
2026-09-23 12:51:59 | INFO     | [base_test_case.py:43] | --- Finished Unittest: test_search_for_valid_product ---
2026-09-24 02:47:03 | INFO     | [csv_utils.py:27] | Loaded 4 rows from CSV: login_data.csv
2026-09-24 02:47:03 | INFO     | [csv_utils.py:27] | Loaded 5 rows from CSV: search_data.csv
2026-09-24 02:47:03 | INFO     | [conftest.py:42] | Starting test session with browser=chrome, headless=False
2026-09-24 02:47:03 | INFO     | [driver_factory.py:26] | Initializing WebDriver for browser='chrome', headless=False
2026-09-24 02:47:04 | INFO     | [driver_factory.py:81] | WebDriver successfully initialized with implicit_wait=10s
2026-09-24 02:47:04 | INFO     | [conftest.py:49] | Navigating to application URL: https://tutorialsninja.com/demo/
2026-09-24 02:47:06 | INFO     | [test_e2e_journey.py:30] | >>> Starting Capstone E2E Flow: Login -> Verify -> Search -> Verify -> Logout
2026-09-24 02:47:06 | INFO     | [home_page.py:27] | Navigating to Login page from Home page
2026-09-24 02:47:06 | INFO     | [base_page.py:28] | Clicking element: ('xpath', "//a[@title='My Account']")
2026-09-24 02:47:06 | INFO     | [base_page.py:28] | Clicking element: ('link text', 'Login')
2026-09-24 02:47:06 | INFO     | [screenshot_utils.py:30] | Screenshot successfully captured: /Users/adrika/.gemini/antigravity-ide/scratch/selenium_python_framework/reports/screenshots/e2e_01_login_page_20260924_024706_388.png
2026-09-24 02:47:06 | INFO     | [test_e2e_journey.py:41] | Logging in with credentials: selenium_capstone_user@testautomation.com
2026-09-24 02:47:06 | INFO     | [login_page.py:37] | Attempting login with email: selenium_capstone_user@testautomation.com
2026-09-24 02:47:06 | INFO     | [base_page.py:40] | Entering text into element ('id', 'input-email')
2026-09-24 02:47:06 | INFO     | [base_page.py:40] | Entering text into element ('id', 'input-password')
2026-09-24 02:47:06 | INFO     | [base_page.py:28] | Clicking element: ('xpath', "//input[@value='Login']")
2026-09-24 02:47:08 | INFO     | [base_page.py:80] | Current page title: 'My Account'
2026-09-24 02:47:08 | INFO     | [screenshot_utils.py:30] | Screenshot successfully captured: /Users/adrika/.gemini/antigravity-ide/scratch/selenium_python_framework/reports/screenshots/e2e_02_login_verified_20260924_024708_008.png
2026-09-24 02:47:08 | INFO     | [test_e2e_journey.py:49] | [SUCCESS] Step 1 & 2 Verified: User logged in successfully.
2026-09-24 02:47:08 | INFO     | [test_e2e_journey.py:53] | Initiating product search for: 'MacBook'
2026-09-24 02:47:08 | INFO     | [account_page.py:35] | AccountPage: Searching for product 'MacBook'
2026-09-24 02:47:08 | INFO     | [base_page.py:40] | Entering text into element ('name', 'search')
2026-09-24 02:47:08 | INFO     | [base_page.py:28] | Clicking element: ('css selector', '#search button')
2026-09-24 02:47:08 | INFO     | [search_page.py:30] | Found 3 products in search results: ['MacBook', 'MacBook Air', 'MacBook Pro']
2026-09-24 02:47:08 | INFO     | [test_e2e_journey.py:58] | Search results returned: ['MacBook', 'MacBook Air', 'MacBook Pro']
2026-09-24 02:47:08 | INFO     | [search_page.py:30] | Found 3 products in search results: ['MacBook', 'MacBook Air', 'MacBook Pro']
2026-09-24 02:47:08 | INFO     | [search_page.py:37] | Product 'MacBook' presence check: True
2026-09-24 02:47:08 | INFO     | [screenshot_utils.py:30] | Screenshot successfully captured: /Users/adrika/.gemini/antigravity-ide/scratch/selenium_python_framework/reports/screenshots/e2e_03_search_results_verified_20260924_024708_673.png
2026-09-24 02:47:08 | INFO     | [test_e2e_journey.py:62] | [SUCCESS] Step 3 & 4 Verified: Product search returned expected results.
2026-09-24 02:47:08 | INFO     | [test_e2e_journey.py:65] | Initiating user logout
2026-09-24 02:47:08 | INFO     | [search_page.py:50] | Logging out from Search page
2026-09-24 02:47:29 | INFO     | [base_page.py:28] | Clicking element: ('xpath', "//a[@title='My Account']")
2026-09-24 02:47:29 | INFO     | [base_page.py:28] | Clicking element: ('link text', 'Logout')
2026-09-24 02:47:29 | INFO     | [screenshot_utils.py:30] | Screenshot successfully captured: /Users/adrika/.gemini/antigravity-ide/scratch/selenium_python_framework/reports/screenshots/e2e_04_logout_verified_20260924_024729_792.png
2026-09-24 02:47:29 | INFO     | [test_e2e_journey.py:73] | [SUCCESS] Step 5 Verified: User successfully logged out.
2026-09-24 02:47:29 | INFO     | [test_e2e_journey.py:75] | >>> Capstone E2E Flow completed with 100% success!
2026-09-24 02:47:29 | INFO     | [conftest.py:54] | Tearing down WebDriver session
2026-09-24 02:48:17 | INFO     | [base_test_case.py:20] | --- Starting Unittest: test_e2e_login_search_logout ---
2026-09-24 02:48:17 | INFO     | [driver_factory.py:26] | Initializing WebDriver for browser='chrome', headless=False
2026-09-24 02:48:17 | INFO     | [driver_factory.py:81] | WebDriver successfully initialized with implicit_wait=10s
2026-09-24 02:48:19 | INFO     | [test_e2e_journey_unittest.py:30] | Executing Unittest E2E: Login -> Verify -> Search -> Verify -> Logout
2026-09-24 02:48:19 | INFO     | [home_page.py:27] | Navigating to Login page from Home page
2026-09-24 02:48:19 | INFO     | [base_page.py:28] | Clicking element: ('xpath', "//a[@title='My Account']")
2026-09-24 02:48:19 | INFO     | [base_page.py:28] | Clicking element: ('link text', 'Login')
2026-09-24 02:48:19 | INFO     | [screenshot_utils.py:30] | Screenshot successfully captured: /Users/adrika/.gemini/antigravity-ide/scratch/selenium_python_framework/reports/screenshots/unittest_e2e_01_login_page_20260924_024819_544.png
2026-09-24 02:48:19 | INFO     | [login_page.py:37] | Attempting login with email: selenium_capstone_user@testautomation.com
2026-09-24 02:48:19 | INFO     | [base_page.py:40] | Entering text into element ('id', 'input-email')
2026-09-24 02:48:19 | INFO     | [base_page.py:40] | Entering text into element ('id', 'input-password')
2026-09-24 02:48:19 | INFO     | [base_page.py:28] | Clicking element: ('xpath', "//input[@value='Login']")
2026-09-24 02:48:21 | INFO     | [base_page.py:80] | Current page title: 'My Account'
2026-09-24 02:48:21 | INFO     | [screenshot_utils.py:30] | Screenshot successfully captured: /Users/adrika/.gemini/antigravity-ide/scratch/selenium_python_framework/reports/screenshots/unittest_e2e_02_login_verified_20260924_024821_280.png
2026-09-24 02:48:21 | INFO     | [account_page.py:35] | AccountPage: Searching for product 'MacBook'
2026-09-24 02:48:21 | INFO     | [base_page.py:40] | Entering text into element ('name', 'search')
2026-09-24 02:48:21 | INFO     | [base_page.py:28] | Clicking element: ('css selector', '#search button')
2026-09-24 02:48:21 | INFO     | [search_page.py:30] | Found 3 products in search results: ['MacBook', 'MacBook Air', 'MacBook Pro']
2026-09-24 02:48:21 | INFO     | [search_page.py:30] | Found 3 products in search results: ['MacBook', 'MacBook Air', 'MacBook Pro']
2026-09-24 02:48:21 | INFO     | [search_page.py:37] | Product 'MacBook' presence check: True
2026-09-24 02:48:22 | INFO     | [screenshot_utils.py:30] | Screenshot successfully captured: /Users/adrika/.gemini/antigravity-ide/scratch/selenium_python_framework/reports/screenshots/unittest_e2e_03_search_verified_20260924_024821_985.png
2026-09-24 02:48:22 | INFO     | [search_page.py:50] | Logging out from Search page
2026-09-24 02:48:42 | INFO     | [base_page.py:28] | Clicking element: ('xpath', "//a[@title='My Account']")
2026-09-24 02:48:42 | INFO     | [base_page.py:28] | Clicking element: ('link text', 'Logout')
2026-09-24 02:48:43 | INFO     | [screenshot_utils.py:30] | Screenshot successfully captured: /Users/adrika/.gemini/antigravity-ide/scratch/selenium_python_framework/reports/screenshots/unittest_e2e_04_logout_verified_20260924_024843_175.png
2026-09-24 02:48:43 | INFO     | [test_e2e_journey_unittest.py:67] | Unittest E2E user journey completed successfully!
2026-09-24 02:48:43 | INFO     | [base_test_case.py:43] | --- Finished Unittest: test_e2e_login_search_logout ---
2026-09-24 02:48:49 | INFO     | [csv_utils.py:27] | Loaded 4 rows from CSV: login_data.csv
2026-09-24 02:48:49 | INFO     | [csv_utils.py:27] | Loaded 5 rows from CSV: search_data.csv
2026-09-24 02:48:49 | INFO     | [conftest.py:42] | Starting test session with browser=chrome, headless=False
2026-09-24 02:48:49 | INFO     | [driver_factory.py:26] | Initializing WebDriver for browser='chrome', headless=False
2026-09-24 02:48:50 | INFO     | [driver_factory.py:81] | WebDriver successfully initialized with implicit_wait=10s
2026-09-24 02:48:50 | INFO     | [conftest.py:49] | Navigating to application URL: https://tutorialsninja.com/demo/
2026-09-24 02:48:53 | INFO     | [test_e2e_journey.py:30] | >>> Starting Capstone E2E Flow: Login -> Verify -> Search -> Verify -> Logout
2026-09-24 02:48:53 | INFO     | [home_page.py:27] | Navigating to Login page from Home page
2026-09-24 02:48:53 | INFO     | [base_page.py:28] | Clicking element: ('xpath', "//a[@title='My Account']")
2026-09-24 02:48:53 | INFO     | [base_page.py:28] | Clicking element: ('link text', 'Login')
2026-09-24 02:48:54 | INFO     | [screenshot_utils.py:30] | Screenshot successfully captured: /Users/adrika/.gemini/antigravity-ide/scratch/selenium_python_framework/reports/screenshots/e2e_01_login_page_20260924_024854_018.png
2026-09-24 02:48:54 | INFO     | [test_e2e_journey.py:41] | Logging in with credentials: selenium_capstone_user@testautomation.com
2026-09-24 02:48:54 | INFO     | [login_page.py:37] | Attempting login with email: selenium_capstone_user@testautomation.com
2026-09-24 02:48:54 | INFO     | [base_page.py:40] | Entering text into element ('id', 'input-email')
2026-09-24 02:48:54 | INFO     | [base_page.py:40] | Entering text into element ('id', 'input-password')
2026-09-24 02:48:54 | INFO     | [base_page.py:28] | Clicking element: ('xpath', "//input[@value='Login']")
2026-09-24 02:48:55 | INFO     | [base_page.py:80] | Current page title: 'My Account'
2026-09-24 02:48:55 | INFO     | [screenshot_utils.py:30] | Screenshot successfully captured: /Users/adrika/.gemini/antigravity-ide/scratch/selenium_python_framework/reports/screenshots/e2e_02_login_verified_20260924_024855_460.png
2026-09-24 02:48:55 | INFO     | [test_e2e_journey.py:49] | [SUCCESS] Step 1 & 2 Verified: User logged in successfully.
2026-09-24 02:48:55 | INFO     | [test_e2e_journey.py:53] | Initiating product search for: 'MacBook'
2026-09-24 02:48:55 | INFO     | [account_page.py:35] | AccountPage: Searching for product 'MacBook'
2026-09-24 02:48:55 | INFO     | [base_page.py:40] | Entering text into element ('name', 'search')
2026-09-24 02:48:55 | INFO     | [base_page.py:28] | Clicking element: ('css selector', '#search button')
2026-09-24 02:48:56 | INFO     | [search_page.py:30] | Found 3 products in search results: ['MacBook', 'MacBook Air', 'MacBook Pro']
2026-09-24 02:48:56 | INFO     | [test_e2e_journey.py:58] | Search results returned: ['MacBook', 'MacBook Air', 'MacBook Pro']
2026-09-24 02:48:56 | INFO     | [search_page.py:30] | Found 3 products in search results: ['MacBook', 'MacBook Air', 'MacBook Pro']
2026-09-24 02:48:56 | INFO     | [search_page.py:37] | Product 'MacBook' presence check: True
2026-09-24 02:48:56 | INFO     | [screenshot_utils.py:30] | Screenshot successfully captured: /Users/adrika/.gemini/antigravity-ide/scratch/selenium_python_framework/reports/screenshots/e2e_03_search_results_verified_20260924_024856_082.png
2026-09-24 02:48:56 | INFO     | [test_e2e_journey.py:62] | [SUCCESS] Step 3 & 4 Verified: Product search returned expected results.
2026-09-24 02:48:56 | INFO     | [test_e2e_journey.py:65] | Initiating user logout
2026-09-24 02:48:56 | INFO     | [search_page.py:50] | Logging out from Search page
2026-09-24 02:49:16 | INFO     | [base_page.py:28] | Clicking element: ('xpath', "//a[@title='My Account']")
2026-09-24 02:49:16 | INFO     | [base_page.py:28] | Clicking element: ('link text', 'Logout')
2026-09-24 02:49:17 | INFO     | [screenshot_utils.py:30] | Screenshot successfully captured: /Users/adrika/.gemini/antigravity-ide/scratch/selenium_python_framework/reports/screenshots/e2e_04_logout_verified_20260924_024917_292.png
2026-09-24 02:49:17 | INFO     | [test_e2e_journey.py:73] | [SUCCESS] Step 5 Verified: User successfully logged out.
2026-09-24 02:49:17 | INFO     | [test_e2e_journey.py:75] | >>> Capstone E2E Flow completed with 100% success!
2026-09-24 02:49:17 | INFO     | [conftest.py:54] | Tearing down WebDriver session
2026-09-24 02:49:17 | INFO     | [conftest.py:42] | Starting test session with browser=chrome, headless=False
2026-09-24 02:49:17 | INFO     | [driver_factory.py:26] | Initializing WebDriver for browser='chrome', headless=False
2026-09-24 02:49:17 | INFO     | [driver_factory.py:81] | WebDriver successfully initialized with implicit_wait=10s
2026-09-24 02:49:17 | INFO     | [conftest.py:49] | Navigating to application URL: https://tutorialsninja.com/demo/
2026-09-24 02:49:19 | INFO     | [test_login.py:24] | Executing test_valid_login
2026-09-24 02:49:19 | INFO     | [home_page.py:27] | Navigating to Login page from Home page
2026-09-24 02:49:19 | INFO     | [base_page.py:28] | Clicking element: ('xpath', "//a[@title='My Account']")
2026-09-24 02:49:19 | INFO     | [base_page.py:28] | Clicking element: ('link text', 'Login')
2026-09-24 02:49:19 | INFO     | [screenshot_utils.py:30] | Screenshot successfully captured: /Users/adrika/.gemini/antigravity-ide/scratch/selenium_python_framework/reports/screenshots/step_01_login_page_20260924_024919_522.png
2026-09-24 02:49:19 | INFO     | [login_page.py:37] | Attempting login with email: selenium_capstone_user@testautomation.com
2026-09-24 02:49:19 | INFO     | [base_page.py:40] | Entering text into element ('id', 'input-email')
2026-09-24 02:49:19 | INFO     | [base_page.py:40] | Entering text into element ('id', 'input-password')
2026-09-24 02:49:19 | INFO     | [base_page.py:28] | Clicking element: ('xpath', "//input[@value='Login']")
2026-09-24 02:49:20 | INFO     | [screenshot_utils.py:30] | Screenshot successfully captured: /Users/adrika/.gemini/antigravity-ide/scratch/selenium_python_framework/reports/screenshots/step_02_account_dashboard_20260924_024919_755.png
2026-09-24 02:49:20 | INFO     | [base_page.py:80] | Current page title: 'My Account'
2026-09-24 02:49:20 | INFO     | [account_page.py:43] | Logging out from Account dashboard
2026-09-24 02:49:20 | INFO     | [base_page.py:28] | Clicking element: ('xpath', "//aside[@id='column-right']//a[text()='Logout']")
2026-09-24 02:49:21 | INFO     | [test_login.py:42] | test_valid_login passed successfully
2026-09-24 02:49:21 | INFO     | [conftest.py:54] | Tearing down WebDriver session
2026-09-24 02:49:21 | INFO     | [conftest.py:42] | Starting test session with browser=chrome, headless=False
2026-09-24 02:49:21 | INFO     | [driver_factory.py:26] | Initializing WebDriver for browser='chrome', headless=False
2026-09-24 02:49:21 | INFO     | [driver_factory.py:81] | WebDriver successfully initialized with implicit_wait=10s
2026-09-24 02:49:21 | INFO     | [conftest.py:49] | Navigating to application URL: https://tutorialsninja.com/demo/
2026-09-24 02:49:23 | INFO     | [test_login.py:57] | Executing TC_LOGIN_VALID | Outcome expected: success
2026-09-24 02:49:23 | INFO     | [home_page.py:27] | Navigating to Login page from Home page
2026-09-24 02:49:23 | INFO     | [base_page.py:28] | Clicking element: ('xpath', "//a[@title='My Account']")
2026-09-24 02:49:23 | INFO     | [base_page.py:28] | Clicking element: ('link text', 'Login')
2026-09-24 02:49:23 | INFO     | [login_page.py:37] | Attempting login with email: selenium_capstone_user@testautomation.com
2026-09-24 02:49:23 | INFO     | [base_page.py:40] | Entering text into element ('id', 'input-email')
2026-09-24 02:49:23 | INFO     | [base_page.py:40] | Entering text into element ('id', 'input-password')
2026-09-24 02:49:23 | INFO     | [base_page.py:28] | Clicking element: ('xpath', "//input[@value='Login']")
2026-09-24 02:49:25 | INFO     | [account_page.py:43] | Logging out from Account dashboard
2026-09-24 02:49:25 | INFO     | [base_page.py:28] | Clicking element: ('xpath', "//aside[@id='column-right']//a[text()='Logout']")
2026-09-24 02:49:25 | INFO     | [test_login.py:71] | TC_LOGIN_VALID completed successfully
2026-09-24 02:49:25 | INFO     | [conftest.py:54] | Tearing down WebDriver session
2026-09-24 02:49:26 | INFO     | [conftest.py:42] | Starting test session with browser=chrome, headless=False
2026-09-24 02:49:26 | INFO     | [driver_factory.py:26] | Initializing WebDriver for browser='chrome', headless=False
2026-09-24 02:49:26 | INFO     | [driver_factory.py:81] | WebDriver successfully initialized with implicit_wait=10s
2026-09-24 02:49:26 | INFO     | [conftest.py:49] | Navigating to application URL: https://tutorialsninja.com/demo/
2026-09-24 02:49:27 | INFO     | [test_login.py:57] | Executing TC_LOGIN_INVALID_PWD | Outcome expected: failure
2026-09-24 02:49:27 | INFO     | [home_page.py:27] | Navigating to Login page from Home page
2026-09-24 02:49:27 | INFO     | [base_page.py:28] | Clicking element: ('xpath', "//a[@title='My Account']")
2026-09-24 02:49:27 | INFO     | [base_page.py:28] | Clicking element: ('link text', 'Login')
2026-09-24 02:49:27 | INFO     | [login_page.py:37] | Attempting login with email: selenium_capstone_user@testautomation.com
2026-09-24 02:49:27 | INFO     | [base_page.py:40] | Entering text into element ('id', 'input-email')
2026-09-24 02:49:28 | INFO     | [base_page.py:40] | Entering text into element ('id', 'input-password')
2026-09-24 02:49:28 | INFO     | [base_page.py:28] | Clicking element: ('xpath', "//input[@value='Login']")
2026-09-24 02:49:29 | INFO     | [base_page.py:51] | Retrieved text 'Warning: No match for E-Mail Address and/or Password.' from element: ('css selector', '.alert-danger')
2026-09-24 02:49:29 | INFO     | [test_login.py:71] | TC_LOGIN_INVALID_PWD completed successfully
2026-09-24 02:49:29 | INFO     | [conftest.py:54] | Tearing down WebDriver session
2026-09-24 02:49:29 | INFO     | [conftest.py:42] | Starting test session with browser=chrome, headless=False
2026-09-24 02:49:29 | INFO     | [driver_factory.py:26] | Initializing WebDriver for browser='chrome', headless=False
2026-09-24 02:49:29 | INFO     | [driver_factory.py:81] | WebDriver successfully initialized with implicit_wait=10s
2026-09-24 02:49:29 | INFO     | [conftest.py:49] | Navigating to application URL: https://tutorialsninja.com/demo/
2026-09-24 02:49:30 | INFO     | [test_login.py:57] | Executing TC_LOGIN_INVALID_USER | Outcome expected: failure
2026-09-24 02:49:30 | INFO     | [home_page.py:27] | Navigating to Login page from Home page
2026-09-24 02:49:30 | INFO     | [base_page.py:28] | Clicking element: ('xpath', "//a[@title='My Account']")
2026-09-24 02:49:30 | INFO     | [base_page.py:28] | Clicking element: ('link text', 'Login')
2026-09-24 02:49:31 | INFO     | [login_page.py:37] | Attempting login with email: nonexistent_capstone_user_99@test.com
2026-09-24 02:49:31 | INFO     | [base_page.py:40] | Entering text into element ('id', 'input-email')
2026-09-24 02:49:31 | INFO     | [base_page.py:40] | Entering text into element ('id', 'input-password')
2026-09-24 02:49:31 | INFO     | [base_page.py:28] | Clicking element: ('xpath', "//input[@value='Login']")
2026-09-24 02:49:32 | INFO     | [base_page.py:51] | Retrieved text 'Warning: No match for E-Mail Address and/or Password.' from element: ('css selector', '.alert-danger')
2026-09-24 02:49:32 | INFO     | [test_login.py:71] | TC_LOGIN_INVALID_USER completed successfully
2026-09-24 02:49:32 | INFO     | [conftest.py:54] | Tearing down WebDriver session
2026-09-24 02:49:32 | INFO     | [conftest.py:42] | Starting test session with browser=chrome, headless=False
2026-09-24 02:49:32 | INFO     | [driver_factory.py:26] | Initializing WebDriver for browser='chrome', headless=False
2026-09-24 02:49:32 | INFO     | [driver_factory.py:81] | WebDriver successfully initialized with implicit_wait=10s
2026-09-24 02:49:32 | INFO     | [conftest.py:49] | Navigating to application URL: https://tutorialsninja.com/demo/
2026-09-24 02:49:33 | INFO     | [test_login.py:57] | Executing TC_LOGIN_EMPTY_FIELDS | Outcome expected: failure
2026-09-24 02:49:33 | INFO     | [home_page.py:27] | Navigating to Login page from Home page
2026-09-24 02:49:33 | INFO     | [base_page.py:28] | Clicking element: ('xpath', "//a[@title='My Account']")
2026-09-24 02:49:33 | INFO     | [base_page.py:28] | Clicking element: ('link text', 'Login')
2026-09-24 02:49:34 | INFO     | [login_page.py:37] | Attempting login with email: 
2026-09-24 02:49:34 | INFO     | [base_page.py:40] | Entering text into element ('id', 'input-email')
2026-09-24 02:49:34 | INFO     | [base_page.py:40] | Entering text into element ('id', 'input-password')
2026-09-24 02:49:34 | INFO     | [base_page.py:28] | Clicking element: ('xpath', "//input[@value='Login']")
2026-09-24 02:49:35 | INFO     | [base_page.py:51] | Retrieved text 'Warning: No match for E-Mail Address and/or Password.' from element: ('css selector', '.alert-danger')
2026-09-24 02:49:35 | INFO     | [test_login.py:71] | TC_LOGIN_EMPTY_FIELDS completed successfully
2026-09-24 02:49:35 | INFO     | [conftest.py:54] | Tearing down WebDriver session
2026-09-24 02:49:35 | INFO     | [conftest.py:42] | Starting test session with browser=chrome, headless=False
2026-09-24 02:49:35 | INFO     | [driver_factory.py:26] | Initializing WebDriver for browser='chrome', headless=False
2026-09-24 02:49:35 | INFO     | [driver_factory.py:81] | WebDriver successfully initialized with implicit_wait=10s
2026-09-24 02:49:35 | INFO     | [conftest.py:49] | Navigating to application URL: https://tutorialsninja.com/demo/
2026-09-24 02:49:37 | INFO     | [test_search.py:24] | Executing test_search_existing_product for 'MacBook'
2026-09-24 02:49:37 | INFO     | [home_page.py:34] | Searching for product: 'MacBook'
2026-09-24 02:49:37 | INFO     | [base_page.py:40] | Entering text into element ('name', 'search')
2026-09-24 02:49:37 | INFO     | [base_page.py:28] | Clicking element: ('css selector', '#search button')
2026-09-24 02:49:37 | INFO     | [screenshot_utils.py:30] | Screenshot successfully captured: /Users/adrika/.gemini/antigravity-ide/scratch/selenium_python_framework/reports/screenshots/step_03_search_macbook_20260924_024937_505.png
2026-09-24 02:49:37 | INFO     | [search_page.py:30] | Found 3 products in search results: ['MacBook', 'MacBook Air', 'MacBook Pro']
2026-09-24 02:49:37 | INFO     | [search_page.py:30] | Found 3 products in search results: ['MacBook', 'MacBook Air', 'MacBook Pro']
2026-09-24 02:49:37 | INFO     | [search_page.py:37] | Product 'MacBook' presence check: True
2026-09-24 02:49:37 | INFO     | [test_search.py:32] | test_search_existing_product passed successfully
2026-09-24 02:49:37 | INFO     | [conftest.py:54] | Tearing down WebDriver session
2026-09-24 02:49:37 | INFO     | [conftest.py:42] | Starting test session with browser=chrome, headless=False
2026-09-24 02:49:37 | INFO     | [driver_factory.py:26] | Initializing WebDriver for browser='chrome', headless=False
2026-09-24 02:49:38 | INFO     | [driver_factory.py:81] | WebDriver successfully initialized with implicit_wait=10s
2026-09-24 02:49:38 | INFO     | [conftest.py:49] | Navigating to application URL: https://tutorialsninja.com/demo/
2026-09-24 02:49:39 | INFO     | [test_search.py:40] | Executing test_search_non_existent_product for 'XYZNonExistentDevice999'
2026-09-24 02:49:39 | INFO     | [home_page.py:34] | Searching for product: 'XYZNonExistentDevice999'
2026-09-24 02:49:39 | INFO     | [base_page.py:40] | Entering text into element ('name', 'search')
2026-09-24 02:49:39 | INFO     | [base_page.py:28] | Clicking element: ('css selector', '#search button')
2026-09-24 02:49:40 | INFO     | [screenshot_utils.py:30] | Screenshot successfully captured: /Users/adrika/.gemini/antigravity-ide/scratch/selenium_python_framework/reports/screenshots/step_04_search_not_found_20260924_024939_939.png
2026-09-24 02:49:40 | INFO     | [base_page.py:51] | Retrieved text 'There is no product that matches the search criteria.' from element: ('xpath', "//p[contains(text(), 'There is no product that matches the search criteria.')]")
2026-09-24 02:49:40 | INFO     | [test_search.py:48] | test_search_non_existent_product passed successfully
2026-09-24 02:49:40 | INFO     | [conftest.py:54] | Tearing down WebDriver session
2026-09-24 02:49:40 | INFO     | [conftest.py:42] | Starting test session with browser=chrome, headless=False
2026-09-24 02:49:40 | INFO     | [driver_factory.py:26] | Initializing WebDriver for browser='chrome', headless=False
2026-09-24 02:49:40 | INFO     | [driver_factory.py:81] | WebDriver successfully initialized with implicit_wait=10s
2026-09-24 02:49:40 | INFO     | [conftest.py:49] | Navigating to application URL: https://tutorialsninja.com/demo/
2026-09-24 02:49:41 | INFO     | [test_search.py:63] | Executing data-driven search for 'MacBook', expecting status: found
2026-09-24 02:49:41 | INFO     | [home_page.py:34] | Searching for product: 'MacBook'
2026-09-24 02:49:41 | INFO     | [base_page.py:40] | Entering text into element ('name', 'search')
2026-09-24 02:49:41 | INFO     | [base_page.py:28] | Clicking element: ('css selector', '#search button')
2026-09-24 02:49:42 | INFO     | [search_page.py:30] | Found 3 products in search results: ['MacBook', 'MacBook Air', 'MacBook Pro']
2026-09-24 02:49:42 | INFO     | [search_page.py:37] | Product 'MacBook' presence check: True
2026-09-24 02:49:42 | INFO     | [test_search.py:80] | Data-driven search test for 'MacBook' passed
2026-09-24 02:49:42 | INFO     | [conftest.py:54] | Tearing down WebDriver session
2026-09-24 02:49:42 | INFO     | [conftest.py:42] | Starting test session with browser=chrome, headless=False
2026-09-24 02:49:42 | INFO     | [driver_factory.py:26] | Initializing WebDriver for browser='chrome', headless=False
2026-09-24 02:49:42 | INFO     | [driver_factory.py:81] | WebDriver successfully initialized with implicit_wait=10s
2026-09-24 02:49:42 | INFO     | [conftest.py:49] | Navigating to application URL: https://tutorialsninja.com/demo/
2026-09-24 02:49:44 | INFO     | [test_search.py:63] | Executing data-driven search for 'iPhone', expecting status: found
2026-09-24 02:49:44 | INFO     | [home_page.py:34] | Searching for product: 'iPhone'
2026-09-24 02:49:44 | INFO     | [base_page.py:40] | Entering text into element ('name', 'search')
2026-09-24 02:49:44 | INFO     | [base_page.py:28] | Clicking element: ('css selector', '#search button')
2026-09-24 02:49:44 | INFO     | [search_page.py:30] | Found 1 products in search results: ['iPhone']
2026-09-24 02:49:44 | INFO     | [search_page.py:37] | Product 'iPhone' presence check: True
2026-09-24 02:49:44 | INFO     | [test_search.py:80] | Data-driven search test for 'iPhone' passed
2026-09-24 02:49:44 | INFO     | [conftest.py:54] | Tearing down WebDriver session
2026-09-24 02:49:44 | INFO     | [conftest.py:42] | Starting test session with browser=chrome, headless=False
2026-09-24 02:49:44 | INFO     | [driver_factory.py:26] | Initializing WebDriver for browser='chrome', headless=False
2026-09-24 02:49:44 | INFO     | [driver_factory.py:81] | WebDriver successfully initialized with implicit_wait=10s
2026-09-24 02:49:44 | INFO     | [conftest.py:49] | Navigating to application URL: https://tutorialsninja.com/demo/
2026-09-24 02:49:46 | INFO     | [test_search.py:63] | Executing data-driven search for 'Samsung SyncMaster', expecting status: found
2026-09-24 02:49:46 | INFO     | [home_page.py:34] | Searching for product: 'Samsung SyncMaster'
2026-09-24 02:49:46 | INFO     | [base_page.py:40] | Entering text into element ('name', 'search')
2026-09-24 02:49:46 | INFO     | [base_page.py:28] | Clicking element: ('css selector', '#search button')
2026-09-24 02:49:46 | INFO     | [search_page.py:30] | Found 1 products in search results: ['Samsung SyncMaster 941BW']
2026-09-24 02:49:46 | INFO     | [search_page.py:37] | Product 'Samsung SyncMaster 941BW' presence check: True
2026-09-24 02:49:46 | INFO     | [test_search.py:80] | Data-driven search test for 'Samsung SyncMaster' passed
2026-09-24 02:49:46 | INFO     | [conftest.py:54] | Tearing down WebDriver session
2026-09-24 02:49:46 | INFO     | [conftest.py:42] | Starting test session with browser=chrome, headless=False
2026-09-24 02:49:46 | INFO     | [driver_factory.py:26] | Initializing WebDriver for browser='chrome', headless=False
2026-09-24 02:49:47 | INFO     | [driver_factory.py:81] | WebDriver successfully initialized with implicit_wait=10s
2026-09-24 02:49:47 | INFO     | [conftest.py:49] | Navigating to application URL: https://tutorialsninja.com/demo/
2026-09-24 02:49:48 | INFO     | [test_search.py:63] | Executing data-driven search for 'Samsung Galaxy', expecting status: found
2026-09-24 02:49:48 | INFO     | [home_page.py:34] | Searching for product: 'Samsung Galaxy'
2026-09-24 02:49:48 | INFO     | [base_page.py:40] | Entering text into element ('name', 'search')
2026-09-24 02:49:48 | INFO     | [base_page.py:28] | Clicking element: ('css selector', '#search button')
2026-09-24 02:49:48 | INFO     | [search_page.py:30] | Found 1 products in search results: ['Samsung Galaxy Tab 10.1']
2026-09-24 02:49:48 | INFO     | [search_page.py:37] | Product 'Samsung Galaxy Tab 10.1' presence check: True
2026-09-24 02:49:48 | INFO     | [test_search.py:80] | Data-driven search test for 'Samsung Galaxy' passed
2026-09-24 02:49:48 | INFO     | [conftest.py:54] | Tearing down WebDriver session
2026-09-24 02:49:48 | INFO     | [conftest.py:42] | Starting test session with browser=chrome, headless=False
2026-09-24 02:49:48 | INFO     | [driver_factory.py:26] | Initializing WebDriver for browser='chrome', headless=False
2026-09-24 02:49:49 | INFO     | [driver_factory.py:81] | WebDriver successfully initialized with implicit_wait=10s
2026-09-24 02:49:49 | INFO     | [conftest.py:49] | Navigating to application URL: https://tutorialsninja.com/demo/
2026-09-24 02:49:50 | INFO     | [test_search.py:63] | Executing data-driven search for 'NonExistentItem9999', expecting status: not_found
2026-09-24 02:49:50 | INFO     | [home_page.py:34] | Searching for product: 'NonExistentItem9999'
2026-09-24 02:49:50 | INFO     | [base_page.py:40] | Entering text into element ('name', 'search')
2026-09-24 02:49:50 | INFO     | [base_page.py:28] | Clicking element: ('css selector', '#search button')
2026-09-24 02:49:50 | INFO     | [base_page.py:51] | Retrieved text 'There is no product that matches the search criteria.' from element: ('xpath', "//p[contains(text(), 'There is no product that matches the search criteria.')]")
2026-09-24 02:49:50 | INFO     | [test_search.py:80] | Data-driven search test for 'NonExistentItem9999' passed
2026-09-24 02:49:50 | INFO     | [conftest.py:54] | Tearing down WebDriver session
2026-09-24 02:50:00 | INFO     | [base_test_case.py:20] | --- Starting Unittest: test_e2e_login_search_logout ---
2026-09-24 02:50:00 | INFO     | [driver_factory.py:26] | Initializing WebDriver for browser='chrome', headless=False
2026-09-24 02:50:00 | INFO     | [driver_factory.py:81] | WebDriver successfully initialized with implicit_wait=10s
2026-09-24 02:50:02 | INFO     | [test_e2e_journey_unittest.py:30] | Executing Unittest E2E: Login -> Verify -> Search -> Verify -> Logout
2026-09-24 02:50:02 | INFO     | [home_page.py:27] | Navigating to Login page from Home page
2026-09-24 02:50:02 | INFO     | [base_page.py:28] | Clicking element: ('xpath', "//a[@title='My Account']")
2026-09-24 02:50:02 | INFO     | [base_page.py:28] | Clicking element: ('link text', 'Login')
2026-09-24 02:50:03 | INFO     | [screenshot_utils.py:30] | Screenshot successfully captured: /Users/adrika/.gemini/antigravity-ide/scratch/selenium_python_framework/reports/screenshots/unittest_e2e_01_login_page_20260924_025003_342.png
2026-09-24 02:50:03 | INFO     | [login_page.py:37] | Attempting login with email: selenium_capstone_user@testautomation.com
2026-09-24 02:50:03 | INFO     | [base_page.py:40] | Entering text into element ('id', 'input-email')
2026-09-24 02:50:03 | INFO     | [base_page.py:40] | Entering text into element ('id', 'input-password')
2026-09-24 02:50:03 | INFO     | [base_page.py:28] | Clicking element: ('xpath', "//input[@value='Login']")
2026-09-24 02:50:06 | INFO     | [base_page.py:80] | Current page title: 'My Account'
2026-09-24 02:50:06 | INFO     | [screenshot_utils.py:30] | Screenshot successfully captured: /Users/adrika/.gemini/antigravity-ide/scratch/selenium_python_framework/reports/screenshots/unittest_e2e_02_login_verified_20260924_025006_793.png
2026-09-24 02:50:06 | INFO     | [account_page.py:35] | AccountPage: Searching for product 'MacBook'
2026-09-24 02:50:06 | INFO     | [base_page.py:40] | Entering text into element ('name', 'search')
2026-09-24 02:50:06 | INFO     | [base_page.py:28] | Clicking element: ('css selector', '#search button')
2026-09-24 02:50:07 | INFO     | [search_page.py:30] | Found 3 products in search results: ['MacBook', 'MacBook Air', 'MacBook Pro']
2026-09-24 02:50:07 | INFO     | [search_page.py:30] | Found 3 products in search results: ['MacBook', 'MacBook Air', 'MacBook Pro']
2026-09-24 02:50:07 | INFO     | [search_page.py:37] | Product 'MacBook' presence check: True
2026-09-24 02:50:07 | INFO     | [screenshot_utils.py:30] | Screenshot successfully captured: /Users/adrika/.gemini/antigravity-ide/scratch/selenium_python_framework/reports/screenshots/unittest_e2e_03_search_verified_20260924_025007_484.png
2026-09-24 02:50:07 | INFO     | [search_page.py:50] | Logging out from Search page
2026-09-24 02:50:28 | INFO     | [base_page.py:28] | Clicking element: ('xpath', "//a[@title='My Account']")
2026-09-24 02:50:28 | INFO     | [base_page.py:28] | Clicking element: ('link text', 'Logout')
2026-09-24 02:50:28 | INFO     | [screenshot_utils.py:30] | Screenshot successfully captured: /Users/adrika/.gemini/antigravity-ide/scratch/selenium_python_framework/reports/screenshots/unittest_e2e_04_logout_verified_20260924_025028_728.png
2026-09-24 02:50:28 | INFO     | [test_e2e_journey_unittest.py:67] | Unittest E2E user journey completed successfully!
2026-09-24 02:50:28 | INFO     | [base_test_case.py:43] | --- Finished Unittest: test_e2e_login_search_logout ---
2026-09-24 02:50:28 | INFO     | [base_test_case.py:20] | --- Starting Unittest: test_invalid_login_permutations_csv ---
2026-09-24 02:50:28 | INFO     | [driver_factory.py:26] | Initializing WebDriver for browser='chrome', headless=False
2026-09-24 02:50:29 | INFO     | [driver_factory.py:81] | WebDriver successfully initialized with implicit_wait=10s
2026-09-24 02:50:30 | INFO     | [test_login_unittest.py:37] | Running Unittest: test_invalid_login_permutations_csv
2026-09-24 02:50:30 | INFO     | [csv_utils.py:27] | Loaded 4 rows from CSV: login_data.csv
2026-09-24 02:50:30 | INFO     | [test_login_unittest.py:48] | SubTest [TC_LOGIN_VALID] executing with email='selenium_capstone_user@testautomation.com'
2026-09-24 02:50:30 | INFO     | [home_page.py:27] | Navigating to Login page from Home page
2026-09-24 02:50:30 | INFO     | [base_page.py:28] | Clicking element: ('xpath', "//a[@title='My Account']")
2026-09-24 02:50:30 | INFO     | [base_page.py:28] | Clicking element: ('link text', 'Login')
2026-09-24 02:50:30 | INFO     | [login_page.py:37] | Attempting login with email: selenium_capstone_user@testautomation.com
2026-09-24 02:50:30 | INFO     | [base_page.py:40] | Entering text into element ('id', 'input-email')
2026-09-24 02:50:31 | INFO     | [base_page.py:40] | Entering text into element ('id', 'input-password')
2026-09-24 02:50:31 | INFO     | [base_page.py:28] | Clicking element: ('xpath', "//input[@value='Login']")
2026-09-24 02:50:32 | INFO     | [account_page.py:43] | Logging out from Account dashboard
2026-09-24 02:50:32 | INFO     | [base_page.py:28] | Clicking element: ('xpath', "//aside[@id='column-right']//a[text()='Logout']")
2026-09-24 02:50:32 | INFO     | [test_login_unittest.py:48] | SubTest [TC_LOGIN_INVALID_PWD] executing with email='selenium_capstone_user@testautomation.com'
2026-09-24 02:50:32 | INFO     | [home_page.py:27] | Navigating to Login page from Home page
2026-09-24 02:50:32 | INFO     | [base_page.py:28] | Clicking element: ('xpath', "//a[@title='My Account']")
2026-09-24 02:50:32 | INFO     | [base_page.py:28] | Clicking element: ('link text', 'Login')
2026-09-24 02:50:33 | INFO     | [login_page.py:37] | Attempting login with email: selenium_capstone_user@testautomation.com
2026-09-24 02:50:33 | INFO     | [base_page.py:40] | Entering text into element ('id', 'input-email')
2026-09-24 02:50:33 | INFO     | [base_page.py:40] | Entering text into element ('id', 'input-password')
2026-09-24 02:50:33 | INFO     | [base_page.py:28] | Clicking element: ('xpath', "//input[@value='Login']")
2026-09-24 02:50:34 | INFO     | [base_page.py:51] | Retrieved text 'Warning: No match for E-Mail Address and/or Password.' from element: ('css selector', '.alert-danger')
2026-09-24 02:50:34 | INFO     | [test_login_unittest.py:48] | SubTest [TC_LOGIN_INVALID_USER] executing with email='nonexistent_capstone_user_99@test.com'
2026-09-24 02:50:34 | INFO     | [home_page.py:27] | Navigating to Login page from Home page
2026-09-24 02:50:34 | INFO     | [base_page.py:28] | Clicking element: ('xpath', "//a[@title='My Account']")
2026-09-24 02:50:35 | INFO     | [base_page.py:28] | Clicking element: ('link text', 'Login')
2026-09-24 02:50:35 | INFO     | [login_page.py:37] | Attempting login with email: nonexistent_capstone_user_99@test.com
2026-09-24 02:50:35 | INFO     | [base_page.py:40] | Entering text into element ('id', 'input-email')
2026-09-24 02:50:35 | INFO     | [base_page.py:40] | Entering text into element ('id', 'input-password')
2026-09-24 02:50:35 | INFO     | [base_page.py:28] | Clicking element: ('xpath', "//input[@value='Login']")
2026-09-24 02:50:36 | INFO     | [base_page.py:51] | Retrieved text 'Warning: No match for E-Mail Address and/or Password.' from element: ('css selector', '.alert-danger')
2026-09-24 02:50:36 | INFO     | [test_login_unittest.py:48] | SubTest [TC_LOGIN_EMPTY_FIELDS] executing with email=''
2026-09-24 02:50:36 | INFO     | [home_page.py:27] | Navigating to Login page from Home page
2026-09-24 02:50:36 | INFO     | [base_page.py:28] | Clicking element: ('xpath', "//a[@title='My Account']")
2026-09-24 02:50:36 | INFO     | [base_page.py:28] | Clicking element: ('link text', 'Login')
2026-09-24 02:50:36 | INFO     | [login_page.py:37] | Attempting login with email: 
2026-09-24 02:50:36 | INFO     | [base_page.py:40] | Entering text into element ('id', 'input-email')
2026-09-24 02:50:36 | INFO     | [base_page.py:40] | Entering text into element ('id', 'input-password')
2026-09-24 02:50:36 | INFO     | [base_page.py:28] | Clicking element: ('xpath', "//input[@value='Login']")
2026-09-24 02:50:37 | INFO     | [base_page.py:51] | Retrieved text 'Warning: No match for E-Mail Address and/or Password.' from element: ('css selector', '.alert-danger')
2026-09-24 02:50:37 | INFO     | [base_test_case.py:43] | --- Finished Unittest: test_invalid_login_permutations_csv ---
2026-09-24 02:50:37 | INFO     | [base_test_case.py:20] | --- Starting Unittest: test_valid_user_login ---
2026-09-24 02:50:37 | INFO     | [driver_factory.py:26] | Initializing WebDriver for browser='chrome', headless=False
2026-09-24 02:50:38 | INFO     | [driver_factory.py:81] | WebDriver successfully initialized with implicit_wait=10s
2026-09-24 02:50:39 | INFO     | [test_login_unittest.py:19] | Running Unittest: test_valid_user_login
2026-09-24 02:50:39 | INFO     | [home_page.py:27] | Navigating to Login page from Home page
2026-09-24 02:50:39 | INFO     | [base_page.py:28] | Clicking element: ('xpath', "//a[@title='My Account']")
2026-09-24 02:50:39 | INFO     | [base_page.py:28] | Clicking element: ('link text', 'Login')
2026-09-24 02:50:39 | INFO     | [login_page.py:37] | Attempting login with email: selenium_capstone_user@testautomation.com
2026-09-24 02:50:39 | INFO     | [base_page.py:40] | Entering text into element ('id', 'input-email')
2026-09-24 02:50:39 | INFO     | [base_page.py:40] | Entering text into element ('id', 'input-password')
2026-09-24 02:50:39 | INFO     | [base_page.py:28] | Clicking element: ('xpath', "//input[@value='Login']")
2026-09-24 02:50:40 | INFO     | [base_page.py:80] | Current page title: 'My Account'
2026-09-24 02:50:40 | INFO     | [account_page.py:43] | Logging out from Account dashboard
2026-09-24 02:50:40 | INFO     | [base_page.py:28] | Clicking element: ('xpath', "//aside[@id='column-right']//a[text()='Logout']")
2026-09-24 02:50:41 | INFO     | [base_test_case.py:43] | --- Finished Unittest: test_valid_user_login ---
2026-09-24 02:50:41 | INFO     | [base_test_case.py:20] | --- Starting Unittest: test_search_data_driven_csv ---
2026-09-24 02:50:41 | INFO     | [driver_factory.py:26] | Initializing WebDriver for browser='chrome', headless=False
2026-09-24 02:50:41 | INFO     | [driver_factory.py:81] | WebDriver successfully initialized with implicit_wait=10s
2026-09-24 02:50:43 | INFO     | [test_search_unittest.py:36] | Running Unittest: test_search_data_driven_csv
2026-09-24 02:50:43 | INFO     | [csv_utils.py:27] | Loaded 5 rows from CSV: search_data.csv
2026-09-24 02:50:43 | INFO     | [test_search_unittest.py:45] | SubTest search term: 'MacBook'
2026-09-24 02:50:43 | INFO     | [home_page.py:34] | Searching for product: 'MacBook'
2026-09-24 02:50:43 | INFO     | [base_page.py:40] | Entering text into element ('name', 'search')
2026-09-24 02:50:43 | INFO     | [base_page.py:28] | Clicking element: ('css selector', '#search button')
2026-09-24 02:50:43 | INFO     | [search_page.py:30] | Found 3 products in search results: ['MacBook', 'MacBook Air', 'MacBook Pro']
2026-09-24 02:50:43 | INFO     | [search_page.py:37] | Product 'MacBook' presence check: True
2026-09-24 02:50:43 | INFO     | [test_search_unittest.py:45] | SubTest search term: 'iPhone'
2026-09-24 02:50:43 | INFO     | [home_page.py:34] | Searching for product: 'iPhone'
2026-09-24 02:50:43 | INFO     | [base_page.py:40] | Entering text into element ('name', 'search')
2026-09-24 02:50:43 | INFO     | [base_page.py:28] | Clicking element: ('css selector', '#search button')
2026-09-24 02:50:44 | INFO     | [search_page.py:30] | Found 1 products in search results: ['iPhone']
2026-09-24 02:50:44 | INFO     | [search_page.py:37] | Product 'iPhone' presence check: True
2026-09-24 02:50:44 | INFO     | [test_search_unittest.py:45] | SubTest search term: 'Samsung SyncMaster'
2026-09-24 02:50:44 | INFO     | [home_page.py:34] | Searching for product: 'Samsung SyncMaster'
2026-09-24 02:50:44 | INFO     | [base_page.py:40] | Entering text into element ('name', 'search')
2026-09-24 02:50:44 | INFO     | [base_page.py:28] | Clicking element: ('css selector', '#search button')
2026-09-24 02:50:44 | INFO     | [search_page.py:30] | Found 1 products in search results: ['Samsung SyncMaster 941BW']
2026-09-24 02:50:44 | INFO     | [search_page.py:37] | Product 'Samsung SyncMaster 941BW' presence check: True
2026-09-24 02:50:44 | INFO     | [test_search_unittest.py:45] | SubTest search term: 'Samsung Galaxy'
2026-09-24 02:50:44 | INFO     | [home_page.py:34] | Searching for product: 'Samsung Galaxy'
2026-09-24 02:50:44 | INFO     | [base_page.py:40] | Entering text into element ('name', 'search')
2026-09-24 02:50:44 | INFO     | [base_page.py:28] | Clicking element: ('css selector', '#search button')
2026-09-24 02:50:44 | INFO     | [search_page.py:30] | Found 1 products in search results: ['Samsung Galaxy Tab 10.1']
2026-09-24 02:50:44 | INFO     | [search_page.py:37] | Product 'Samsung Galaxy Tab 10.1' presence check: True
2026-09-24 02:50:44 | INFO     | [test_search_unittest.py:45] | SubTest search term: 'NonExistentItem9999'
2026-09-24 02:50:44 | INFO     | [home_page.py:34] | Searching for product: 'NonExistentItem9999'
2026-09-24 02:50:44 | INFO     | [base_page.py:40] | Entering text into element ('name', 'search')
2026-09-24 02:50:44 | INFO     | [base_page.py:28] | Clicking element: ('css selector', '#search button')
2026-09-24 02:50:45 | INFO     | [base_page.py:51] | Retrieved text 'There is no product that matches the search criteria.' from element: ('xpath', "//p[contains(text(), 'There is no product that matches the search criteria.')]")
2026-09-24 02:50:45 | INFO     | [base_test_case.py:43] | --- Finished Unittest: test_search_data_driven_csv ---
2026-09-24 02:50:45 | INFO     | [base_test_case.py:20] | --- Starting Unittest: test_search_for_non_existent_product ---
2026-09-24 02:50:45 | INFO     | [driver_factory.py:26] | Initializing WebDriver for browser='chrome', headless=False
2026-09-24 02:50:45 | INFO     | [driver_factory.py:81] | WebDriver successfully initialized with implicit_wait=10s
2026-09-24 02:50:47 | INFO     | [test_search_unittest.py:27] | Running Unittest: test_search_for_non_existent_product
2026-09-24 02:50:47 | INFO     | [home_page.py:34] | Searching for product: 'NonExistentItem9999'
2026-09-24 02:50:47 | INFO     | [base_page.py:40] | Entering text into element ('name', 'search')
2026-09-24 02:50:47 | INFO     | [base_page.py:28] | Clicking element: ('css selector', '#search button')
2026-09-24 02:50:47 | INFO     | [base_page.py:51] | Retrieved text 'There is no product that matches the search criteria.' from element: ('xpath', "//p[contains(text(), 'There is no product that matches the search criteria.')]")
2026-09-24 02:50:47 | INFO     | [base_test_case.py:43] | --- Finished Unittest: test_search_for_non_existent_product ---
2026-09-24 02:50:47 | INFO     | [base_test_case.py:20] | --- Starting Unittest: test_search_for_valid_product ---
2026-09-24 02:50:47 | INFO     | [driver_factory.py:26] | Initializing WebDriver for browser='chrome', headless=False
2026-09-24 02:50:47 | INFO     | [driver_factory.py:81] | WebDriver successfully initialized with implicit_wait=10s
2026-09-24 02:50:49 | INFO     | [test_search_unittest.py:18] | Running Unittest: test_search_for_valid_product
2026-09-24 02:50:49 | INFO     | [home_page.py:34] | Searching for product: 'MacBook'
2026-09-24 02:50:49 | INFO     | [base_page.py:40] | Entering text into element ('name', 'search')
2026-09-24 02:50:49 | INFO     | [base_page.py:28] | Clicking element: ('css selector', '#search button')
2026-09-24 02:50:49 | INFO     | [search_page.py:30] | Found 3 products in search results: ['MacBook', 'MacBook Air', 'MacBook Pro']
2026-09-24 02:50:49 | INFO     | [search_page.py:37] | Product 'MacBook' presence check: True
2026-09-24 02:50:49 | INFO     | [search_page.py:30] | Found 3 products in search results: ['MacBook', 'MacBook Air', 'MacBook Pro']
2026-09-24 02:50:49 | INFO     | [base_test_case.py:43] | --- Finished Unittest: test_search_for_valid_product ---
